51581,1,1527916, Nasional » BANTEN » PANDEGLANG » SUMUR » SUMBERJAYA
51581,2,1527917, Nasional » BANTEN » PANDEGLANG » SUMUR » SUMBERJAYA
51581,3,1527918, Nasional » BANTEN » PANDEGLANG » SUMUR » SUMBERJAYA
51581,4,1527919, Nasional » BANTEN » PANDEGLANG » SUMUR » SUMBERJAYA
51581,5,1527920, Nasional » BANTEN » PANDEGLANG » SUMUR » SUMBERJAYA
51581,6,1527921, Nasional » BANTEN » PANDEGLANG » SUMUR » SUMBERJAYA
51581,7,1527922, Nasional » BANTEN » PANDEGLANG » SUMUR » SUMBERJAYA
51582,1,1494614, Nasional » BANTEN » PANDEGLANG » SUMUR » KERTAJAYA
51582,2,1494615, Nasional » BANTEN » PANDEGLANG » SUMUR » KERTAJAYA
51582,3,1494616, Nasional » BANTEN » PANDEGLANG » SUMUR » KERTAJAYA
51582,4,1494617, Nasional » BANTEN » PANDEGLANG » SUMUR » KERTAJAYA
51582,5,1494618, Nasional » BANTEN » PANDEGLANG » SUMUR » KERTAJAYA
51582,6,1494619, Nasional » BANTEN » PANDEGLANG » SUMUR » KERTAJAYA
51582,7,1494620, Nasional » BANTEN » PANDEGLANG » SUMUR » KERTAJAYA
51583,1,1507105, Nasional » BANTEN » PANDEGLANG » SUMUR » KERTAMUKTI
51583,2,1507106, Nasional » BANTEN » PANDEGLANG » SUMUR » KERTAMUKTI
51583,3,1507107, Nasional » BANTEN » PANDEGLANG » SUMUR » KERTAMUKTI
51583,4,1507108, Nasional » BANTEN » PANDEGLANG » SUMUR » KERTAMUKTI
51583,5,1507109, Nasional » BANTEN » PANDEGLANG » SUMUR » KERTAMUKTI
51583,6,1507110, Nasional » BANTEN » PANDEGLANG » SUMUR » KERTAMUKTI
51584,1,1494634, Nasional » BANTEN » PANDEGLANG » SUMUR » TUNGGALJAYA
51584,2,1494635, Nasional » BANTEN » PANDEGLANG » SUMUR » TUNGGALJAYA
51584,3,1494636, Nasional » BANTEN » PANDEGLANG » SUMUR » TUNGGALJAYA
51584,4,1494637, Nasional » BANTEN » PANDEGLANG » SUMUR » TUNGGALJAYA
51584,5,1494638, Nasional » BANTEN » PANDEGLANG » SUMUR » TUNGGALJAYA
51584,6,1494639, Nasional » BANTEN » PANDEGLANG » SUMUR » TUNGGALJAYA
51585,1,1494592, Nasional » BANTEN » PANDEGLANG » SUMUR » CIGORONDONG
51585,2,1494593, Nasional » BANTEN » PANDEGLANG » SUMUR » CIGORONDONG
51585,3,1494594, Nasional » BANTEN » PANDEGLANG » SUMUR » CIGORONDONG
51585,4,1494595, Nasional » BANTEN » PANDEGLANG » SUMUR » CIGORONDONG
51585,5,1494596, Nasional » BANTEN » PANDEGLANG » SUMUR » CIGORONDONG
51586,1,1514671, Nasional » BANTEN » PANDEGLANG » SUMUR » TAMANJAYA
51586,2,1514672, Nasional » BANTEN » PANDEGLANG » SUMUR » TAMANJAYA
51586,3,1514673, Nasional » BANTEN » PANDEGLANG » SUMUR » TAMANJAYA
51586,4,1514674, Nasional » BANTEN » PANDEGLANG » SUMUR » TAMANJAYA
51586,5,1514675, Nasional » BANTEN » PANDEGLANG » SUMUR » TAMANJAYA
51586,6,1514676, Nasional » BANTEN » PANDEGLANG » SUMUR » TAMANJAYA
51587,1,1523385, Nasional » BANTEN » PANDEGLANG » SUMUR » UJUNGJAYA
51587,2,1523386, Nasional » BANTEN » PANDEGLANG » SUMUR » UJUNGJAYA
51587,3,1523387, Nasional » BANTEN » PANDEGLANG » SUMUR » UJUNGJAYA
51587,4,1523388, Nasional » BANTEN » PANDEGLANG » SUMUR » UJUNGJAYA
51587,5,1523389, Nasional » BANTEN » PANDEGLANG » SUMUR » UJUNGJAYA
51587,6,1523390, Nasional » BANTEN » PANDEGLANG » SUMUR » UJUNGJAYA
51587,7,1523391, Nasional » BANTEN » PANDEGLANG » SUMUR » UJUNGJAYA
51587,8,1523394, Nasional » BANTEN » PANDEGLANG » SUMUR » UJUNGJAYA
51589,1,1364364, Nasional » BANTEN » PANDEGLANG » CIMANGGU » RANCAPINANG
51589,2,1364365, Nasional » BANTEN » PANDEGLANG » CIMANGGU » RANCAPINANG
51589,3,1364366, Nasional » BANTEN » PANDEGLANG » CIMANGGU » RANCAPINANG
51589,4,1364367, Nasional » BANTEN » PANDEGLANG » CIMANGGU » RANCAPINANG
51589,5,1364368, Nasional » BANTEN » PANDEGLANG » CIMANGGU » RANCAPINANG
51589,6,1364369, Nasional » BANTEN » PANDEGLANG » CIMANGGU » RANCAPINANG
51589,7,1364370, Nasional » BANTEN » PANDEGLANG » CIMANGGU » RANCAPINANG
51590,1,1364333, Nasional » BANTEN » PANDEGLANG » CIMANGGU » CIBADAK
51590,2,1364334, Nasional » BANTEN » PANDEGLANG » CIMANGGU » CIBADAK
51590,3,1364335, Nasional » BANTEN » PANDEGLANG » CIMANGGU » CIBADAK
51590,4,1364336, Nasional » BANTEN » PANDEGLANG » CIMANGGU » CIBADAK
51590,5,1364337, Nasional » BANTEN » PANDEGLANG » CIMANGGU » CIBADAK
51590,6,1364338, Nasional » BANTEN » PANDEGLANG » CIMANGGU » CIBADAK
51590,7,1364339, Nasional » BANTEN » PANDEGLANG » CIMANGGU » CIBADAK
51591,1,1281991, Nasional » BANTEN » PANDEGLANG » CIMANGGU » TUGU
51591,2,1281992, Nasional » BANTEN » PANDEGLANG » CIMANGGU » TUGU
51591,3,1281993, Nasional » BANTEN » PANDEGLANG » CIMANGGU » TUGU
51592,1,1364326, Nasional » BANTEN » PANDEGLANG » CIMANGGU » BATUHIDEUNG
51592,2,1364327, Nasional » BANTEN » PANDEGLANG » CIMANGGU » BATUHIDEUNG
51592,3,1364328, Nasional » BANTEN » PANDEGLANG » CIMANGGU » BATUHIDEUNG
51592,4,1364329, Nasional » BANTEN » PANDEGLANG » CIMANGGU » BATUHIDEUNG
51592,5,1364330, Nasional » BANTEN » PANDEGLANG » CIMANGGU » BATUHIDEUNG
51592,6,1364331, Nasional » BANTEN » PANDEGLANG » CIMANGGU » BATUHIDEUNG
51592,7,1364332, Nasional » BANTEN » PANDEGLANG » CIMANGGU » BATUHIDEUNG
51594,1,1364340, Nasional » BANTEN » PANDEGLANG » CIMANGGU » CIBURIAL
51594,2,1364341, Nasional » BANTEN » PANDEGLANG » CIMANGGU » CIBURIAL
51594,3,1364342, Nasional » BANTEN » PANDEGLANG » CIMANGGU » CIBURIAL
51594,4,1364343, Nasional » BANTEN » PANDEGLANG » CIMANGGU » CIBURIAL
51594,5,1364344, Nasional » BANTEN » PANDEGLANG » CIMANGGU » CIBURIAL
51594,6,1364345, Nasional » BANTEN » PANDEGLANG » CIMANGGU » CIBURIAL
51594,7,1364346, Nasional » BANTEN » PANDEGLANG » CIMANGGU » CIBURIAL
51594,8,1364347, Nasional » BANTEN » PANDEGLANG » CIMANGGU » CIBURIAL
51594,9,1364348, Nasional » BANTEN » PANDEGLANG » CIMANGGU » CIBURIAL
51595,1,1406654, Nasional » BANTEN » PANDEGLANG » CIMANGGU » CIJARALANG
51595,2,1406655, Nasional » BANTEN » PANDEGLANG » CIMANGGU » CIJARALANG
51595,3,1406656, Nasional » BANTEN » PANDEGLANG » CIMANGGU » CIJARALANG
51595,4,1406657, Nasional » BANTEN » PANDEGLANG » CIMANGGU » CIJARALANG
51595,5,1406658, Nasional » BANTEN » PANDEGLANG » CIMANGGU » CIJARALANG
51595,6,1406659, Nasional » BANTEN » PANDEGLANG » CIMANGGU » CIJARALANG
51595,7,1406660, Nasional » BANTEN » PANDEGLANG » CIMANGGU » CIJARALANG
51596,1,1364350, Nasional » BANTEN » PANDEGLANG » CIMANGGU » CIMANGGU
51596,2,1364351, Nasional » BANTEN » PANDEGLANG » CIMANGGU » CIMANGGU
51596,3,1364352, Nasional » BANTEN » PANDEGLANG » CIMANGGU » CIMANGGU
51596,4,1364353, Nasional » BANTEN » PANDEGLANG » CIMANGGU » CIMANGGU
51596,5,1364354, Nasional » BANTEN » PANDEGLANG » CIMANGGU » CIMANGGU
51596,6,1364355, Nasional » BANTEN » PANDEGLANG » CIMANGGU » CIMANGGU
51597,1,1281960, Nasional » BANTEN » PANDEGLANG » CIMANGGU » MANGKUALAM
51597,2,1281963, Nasional » BANTEN » PANDEGLANG » CIMANGGU » MANGKUALAM
51597,3,1281964, Nasional » BANTEN » PANDEGLANG » CIMANGGU » MANGKUALAM
51597,4,1281965, Nasional » BANTEN » PANDEGLANG » CIMANGGU » MANGKUALAM
51597,5,1281966, Nasional » BANTEN » PANDEGLANG » CIMANGGU » MANGKUALAM
51598,1,1407419, Nasional » BANTEN » PANDEGLANG » CIMANGGU » TANGKIL SARI
51598,2,1407420, Nasional » BANTEN » PANDEGLANG » CIMANGGU » TANGKIL SARI
51598,3,1407421, Nasional » BANTEN » PANDEGLANG » CIMANGGU » TANGKIL SARI
51598,4,1407422, Nasional » BANTEN » PANDEGLANG » CIMANGGU » TANGKIL SARI
51598,5,1407423, Nasional » BANTEN » PANDEGLANG » CIMANGGU » TANGKIL SARI
51598,6,1407424, Nasional » BANTEN » PANDEGLANG » CIMANGGU » TANGKIL SARI
51598,7,1407425, Nasional » BANTEN » PANDEGLANG » CIMANGGU » TANGKIL SARI
51599,1,1281995, Nasional » BANTEN » PANDEGLANG » CIMANGGU » WARINGIN KURUNG
51599,2,1281996, Nasional » BANTEN » PANDEGLANG » CIMANGGU » WARINGIN KURUNG
51599,3,1281997, Nasional » BANTEN » PANDEGLANG » CIMANGGU » WARINGIN KURUNG
51599,4,1281998, Nasional » BANTEN » PANDEGLANG » CIMANGGU » WARINGIN KURUNG
51599,5,1281999, Nasional » BANTEN » PANDEGLANG » CIMANGGU » WARINGIN KURUNG
51600,1,1406665, Nasional » BANTEN » PANDEGLANG » CIMANGGU » KRAMATJAYA
51600,2,1406666, Nasional » BANTEN » PANDEGLANG » CIMANGGU » KRAMATJAYA
51600,3,1406667, Nasional » BANTEN » PANDEGLANG » CIMANGGU » KRAMATJAYA
51600,4,1406668, Nasional » BANTEN » PANDEGLANG » CIMANGGU » KRAMATJAYA
51600,5,1406669, Nasional » BANTEN » PANDEGLANG » CIMANGGU » KRAMATJAYA
51600,6,1406671, Nasional » BANTEN » PANDEGLANG » CIMANGGU » KRAMATJAYA
51602,1,1410977, Nasional » BANTEN » PANDEGLANG » CIBALIUNG » MENDUNG
51602,2,1410978, Nasional » BANTEN » PANDEGLANG » CIBALIUNG » MENDUNG
51602,3,1410979, Nasional » BANTEN » PANDEGLANG » CIBALIUNG » MENDUNG
51602,4,1410980, Nasional » BANTEN » PANDEGLANG » CIBALIUNG » MENDUNG
51602,5,1410981, Nasional » BANTEN » PANDEGLANG » CIBALIUNG » MENDUNG
51603,1,1363548, Nasional » BANTEN » PANDEGLANG » CIBALIUNG » SUDIMANIK
51603,2,1363549, Nasional » BANTEN » PANDEGLANG » CIBALIUNG » SUDIMANIK
51603,3,1363550, Nasional » BANTEN » PANDEGLANG » CIBALIUNG » SUDIMANIK
51603,4,1363551, Nasional » BANTEN » PANDEGLANG » CIBALIUNG » SUDIMANIK
51604,1,1410664, Nasional » BANTEN » PANDEGLANG » CIBALIUNG » CURUG
51604,2,1410665, Nasional » BANTEN » PANDEGLANG » CIBALIUNG » CURUG
51604,3,1410666, Nasional » BANTEN » PANDEGLANG » CIBALIUNG » CURUG
51605,1,1363525, Nasional » BANTEN » PANDEGLANG » CIBALIUNG » CIBINGBIN
51605,2,1363526, Nasional » BANTEN » PANDEGLANG » CIBALIUNG » CIBINGBIN
51605,3,1363527, Nasional » BANTEN » PANDEGLANG » CIBALIUNG » CIBINGBIN
51605,4,1363528, Nasional » BANTEN » PANDEGLANG » CIBALIUNG » CIBINGBIN
51606,1,1531741, Nasional » BANTEN » PANDEGLANG » CIBALIUNG » SUKAJADI
51606,2,1531742, Nasional » BANTEN » PANDEGLANG » CIBALIUNG » SUKAJADI
51606,3,1531743, Nasional » BANTEN » PANDEGLANG » CIBALIUNG » SUKAJADI
51606,4,1531744, Nasional » BANTEN » PANDEGLANG » CIBALIUNG » SUKAJADI
51606,5,1531745, Nasional » BANTEN » PANDEGLANG » CIBALIUNG » SUKAJADI
51606,6,1531746, Nasional » BANTEN » PANDEGLANG » CIBALIUNG » SUKAJADI
51606,7,1531747, Nasional » BANTEN » PANDEGLANG » CIBALIUNG » SUKAJADI
51606,8,1531748, Nasional » BANTEN » PANDEGLANG » CIBALIUNG » SUKAJADI
51607,1,1363540, Nasional » BANTEN » PANDEGLANG » CIBALIUNG » MAHENDRA
51607,2,1363541, Nasional » BANTEN » PANDEGLANG » CIBALIUNG » MAHENDRA
51607,3,1363542, Nasional » BANTEN » PANDEGLANG » CIBALIUNG » MAHENDRA
51607,4,1363543, Nasional » BANTEN » PANDEGLANG » CIBALIUNG » MAHENDRA
51607,5,1363544, Nasional » BANTEN » PANDEGLANG » CIBALIUNG » MAHENDRA
51608,1,1407075, Nasional » BANTEN » PANDEGLANG » CIBALIUNG » CIBALIUNG
51608,2,1407076, Nasional » BANTEN » PANDEGLANG » CIBALIUNG » CIBALIUNG
51608,3,1407077, Nasional » BANTEN » PANDEGLANG » CIBALIUNG » CIBALIUNG
51608,4,1407078, Nasional » BANTEN » PANDEGLANG » CIBALIUNG » CIBALIUNG
51608,5,1407079, Nasional » BANTEN » PANDEGLANG » CIBALIUNG » CIBALIUNG
51608,6,1407080, Nasional » BANTEN » PANDEGLANG » CIBALIUNG » CIBALIUNG
51608,7,1407081, Nasional » BANTEN » PANDEGLANG » CIBALIUNG » CIBALIUNG
51609,1,1363532, Nasional » BANTEN » PANDEGLANG » CIBALIUNG » CIHANJUANG
51609,2,1363533, Nasional » BANTEN » PANDEGLANG » CIBALIUNG » CIHANJUANG
51609,3,1363534, Nasional » BANTEN » PANDEGLANG » CIBALIUNG » CIHANJUANG
51609,4,1363535, Nasional » BANTEN » PANDEGLANG » CIBALIUNG » CIHANJUANG
51609,5,1363536, Nasional » BANTEN » PANDEGLANG » CIBALIUNG » CIHANJUANG
51610,1,1405701, Nasional » BANTEN » PANDEGLANG » CIBALIUNG » SORONGAN
51610,2,1405702, Nasional » BANTEN » PANDEGLANG » CIBALIUNG » SORONGAN
51610,3,1405703, Nasional » BANTEN » PANDEGLANG » CIBALIUNG » SORONGAN
51610,4,1405704, Nasional » BANTEN » PANDEGLANG » CIBALIUNG » SORONGAN
51612,1,1425139, Nasional » BANTEN » PANDEGLANG » CIKEUSIK » TANJUNGAN
51612,2,1425140, Nasional » BANTEN » PANDEGLANG » CIKEUSIK » TANJUNGAN
51612,3,1425141, Nasional » BANTEN » PANDEGLANG » CIKEUSIK » TANJUNGAN
51612,4,1425142, Nasional » BANTEN » PANDEGLANG » CIKEUSIK » TANJUNGAN
51612,5,1425143, Nasional » BANTEN » PANDEGLANG » CIKEUSIK » TANJUNGAN
51612,6,1425144, Nasional » BANTEN » PANDEGLANG » CIKEUSIK » TANJUNGAN
51612,7,1425145, Nasional » BANTEN » PANDEGLANG » CIKEUSIK » TANJUNGAN
51612,8,1425146, Nasional » BANTEN » PANDEGLANG » CIKEUSIK » TANJUNGAN
51612,9,1425147, Nasional » BANTEN » PANDEGLANG » CIKEUSIK » TANJUNGAN
51612,10,1425148, Nasional » BANTEN » PANDEGLANG » CIKEUSIK » TANJUNGAN
51612,11,1425149, Nasional » BANTEN » PANDEGLANG » CIKEUSIK » TANJUNGAN
51612,12,1425150, Nasional » BANTEN » PANDEGLANG » CIKEUSIK » TANJUNGAN
51612,13,1425153, Nasional » BANTEN » PANDEGLANG » CIKEUSIK » TANJUNGAN
51612,14,1425154, Nasional » BANTEN » PANDEGLANG » CIKEUSIK » TANJUNGAN
51613,1,1426203, Nasional » BANTEN » PANDEGLANG » CIKEUSIK » SUMURBATU
51613,2,1426204, Nasional » BANTEN » PANDEGLANG » CIKEUSIK » SUMURBATU
51613,3,1426205, Nasional » BANTEN » PANDEGLANG » CIKEUSIK » SUMURBATU
51613,4,1426206, Nasional » BANTEN » PANDEGLANG » CIKEUSIK » SUMURBATU
51613,5,1426207, Nasional » BANTEN » PANDEGLANG » CIKEUSIK » SUMURBATU
51613,6,1426208, Nasional » BANTEN » PANDEGLANG » CIKEUSIK » SUMURBATU
51613,7,1426209, Nasional » BANTEN » PANDEGLANG » CIKEUSIK » SUMURBATU
51613,8,1426210, Nasional » BANTEN » PANDEGLANG » CIKEUSIK » SUMURBATU
51613,9,1426211, Nasional » BANTEN » PANDEGLANG » CIKEUSIK » SUMURBATU
51613,10,1426212, Nasional » BANTEN » PANDEGLANG » CIKEUSIK » SUMURBATU
51613,11,1426213, Nasional » BANTEN » PANDEGLANG » CIKEUSIK » SUMURBATU
51613,12,1426214, Nasional » BANTEN » PANDEGLANG » CIKEUSIK » SUMURBATU
51613,13,1426215, Nasional » BANTEN » PANDEGLANG » CIKEUSIK » SUMURBATU
51613,14,1426216, Nasional » BANTEN » PANDEGLANG » CIKEUSIK » SUMURBATU
51614,1,1425497, Nasional » BANTEN » PANDEGLANG » CIKEUSIK » SUKAWARIS
51614,2,1425498, Nasional » BANTEN » PANDEGLANG » CIKEUSIK » SUKAWARIS
51614,3,1425499, Nasional » BANTEN » PANDEGLANG » CIKEUSIK » SUKAWARIS
51614,4,1425500, Nasional » BANTEN » PANDEGLANG » CIKEUSIK » SUKAWARIS
51614,5,1425501, Nasional » BANTEN » PANDEGLANG » CIKEUSIK » SUKAWARIS
51614,6,1425502, Nasional » BANTEN » PANDEGLANG » CIKEUSIK » SUKAWARIS
51614,7,1425503, Nasional » BANTEN » PANDEGLANG » CIKEUSIK » SUKAWARIS
51614,8,1425504, Nasional » BANTEN » PANDEGLANG » CIKEUSIK » SUKAWARIS
51615,1,1277480, Nasional » BANTEN » PANDEGLANG » CIKEUSIK » RANCASENENG
51615,2,1277481, Nasional » BANTEN » PANDEGLANG » CIKEUSIK » RANCASENENG
51615,3,1277482, Nasional » BANTEN » PANDEGLANG » CIKEUSIK » RANCASENENG
51615,4,1277483, Nasional » BANTEN » PANDEGLANG » CIKEUSIK » RANCASENENG
51615,5,1277484, Nasional » BANTEN » PANDEGLANG » CIKEUSIK » RANCASENENG
51615,6,1277485, Nasional » BANTEN » PANDEGLANG » CIKEUSIK » RANCASENENG
51615,7,1277486, Nasional » BANTEN » PANDEGLANG » CIKEUSIK » RANCASENENG
51616,1,1423460, Nasional » BANTEN » PANDEGLANG » CIKEUSIK » PARUNGKOKOSAN
51616,2,1423461, Nasional » BANTEN » PANDEGLANG » CIKEUSIK » PARUNGKOKOSAN
51616,3,1423462, Nasional » BANTEN » PANDEGLANG » CIKEUSIK » PARUNGKOKOSAN
51616,4,1423463, Nasional » BANTEN » PANDEGLANG » CIKEUSIK » PARUNGKOKOSAN
51616,5,1423464, Nasional » BANTEN » PANDEGLANG » CIKEUSIK » PARUNGKOKOSAN
51616,6,1423465, Nasional » BANTEN » PANDEGLANG » CIKEUSIK » PARUNGKOKOSAN
51616,7,1423466, Nasional » BANTEN » PANDEGLANG » CIKEUSIK » PARUNGKOKOSAN
51617,1,1427383, Nasional » BANTEN » PANDEGLANG » CIKEUSIK » NANGGALA
51617,2,1427384, Nasional » BANTEN » PANDEGLANG » CIKEUSIK » NANGGALA
51617,3,1427385, Nasional » BANTEN » PANDEGLANG » CIKEUSIK » NANGGALA
51617,4,1427386, Nasional » BANTEN » PANDEGLANG » CIKEUSIK » NANGGALA
51617,5,1427387, Nasional » BANTEN » PANDEGLANG » CIKEUSIK » NANGGALA
51617,6,1427388, Nasional » BANTEN » PANDEGLANG » CIKEUSIK » NANGGALA
51617,7,1427389, Nasional » BANTEN » PANDEGLANG » CIKEUSIK » NANGGALA
51617,8,1427390, Nasional » BANTEN » PANDEGLANG » CIKEUSIK » NANGGALA
51617,9,1427391, Nasional » BANTEN » PANDEGLANG » CIKEUSIK » NANGGALA
51617,10,1427392, Nasional » BANTEN » PANDEGLANG » CIKEUSIK » NANGGALA
51617,11,1427393, Nasional » BANTEN » PANDEGLANG » CIKEUSIK » NANGGALA
51618,1,1426455, Nasional » BANTEN » PANDEGLANG » CIKEUSIK » CIKEUSIK
51618,2,1426456, Nasional » BANTEN » PANDEGLANG » CIKEUSIK » CIKEUSIK
51618,3,1426457, Nasional » BANTEN » PANDEGLANG » CIKEUSIK » CIKEUSIK
51618,4,1426458, Nasional » BANTEN » PANDEGLANG » CIKEUSIK » CIKEUSIK
51618,5,1426459, Nasional » BANTEN » PANDEGLANG » CIKEUSIK » CIKEUSIK
51618,6,1426460, Nasional » BANTEN » PANDEGLANG » CIKEUSIK » CIKEUSIK
51618,7,1426461, Nasional » BANTEN » PANDEGLANG » CIKEUSIK » CIKEUSIK
51618,8,1426462, Nasional » BANTEN » PANDEGLANG » CIKEUSIK » CIKEUSIK
51618,9,1426463, Nasional » BANTEN » PANDEGLANG » CIKEUSIK » CIKEUSIK
51618,10,1426464, Nasional » BANTEN » PANDEGLANG » CIKEUSIK » CIKEUSIK
51618,11,1426465, Nasional » BANTEN » PANDEGLANG » CIKEUSIK » CIKEUSIK
51618,12,1426466, Nasional » BANTEN » PANDEGLANG » CIKEUSIK » CIKEUSIK
51618,13,1426467, Nasional » BANTEN » PANDEGLANG » CIKEUSIK » CIKEUSIK
51618,14,1426468, Nasional » BANTEN » PANDEGLANG » CIKEUSIK » CIKEUSIK
51619,1,1435159, Nasional » BANTEN » PANDEGLANG » CIKEUSIK » CIKADONGDONG
51619,2,1435160, Nasional » BANTEN » PANDEGLANG » CIKEUSIK » CIKADONGDONG
51619,3,1435161, Nasional » BANTEN » PANDEGLANG » CIKEUSIK » CIKADONGDONG
51619,4,1435162, Nasional » BANTEN » PANDEGLANG » CIKEUSIK » CIKADONGDONG
51619,5,1435163, Nasional » BANTEN » PANDEGLANG » CIKEUSIK » CIKADONGDONG
51619,6,1435164, Nasional » BANTEN » PANDEGLANG » CIKEUSIK » CIKADONGDONG
51619,7,1435165, Nasional » BANTEN » PANDEGLANG » CIKEUSIK » CIKADONGDONG
51620,1,1441226, Nasional » BANTEN » PANDEGLANG » CIKEUSIK » CURUGCIUNG
51620,2,1441227, Nasional » BANTEN » PANDEGLANG » CIKEUSIK » CURUGCIUNG
51620,3,1441228, Nasional » BANTEN » PANDEGLANG » CIKEUSIK » CURUGCIUNG
51620,4,1441229, Nasional » BANTEN » PANDEGLANG » CIKEUSIK » CURUGCIUNG
51620,5,1441230, Nasional » BANTEN » PANDEGLANG » CIKEUSIK » CURUGCIUNG
51621,1,1421735, Nasional » BANTEN » PANDEGLANG » CIKEUSIK » LEUWIBALANG
51621,2,1421736, Nasional » BANTEN » PANDEGLANG » CIKEUSIK » LEUWIBALANG
51621,3,1421737, Nasional » BANTEN » PANDEGLANG » CIKEUSIK » LEUWIBALANG
51621,4,1421738, Nasional » BANTEN » PANDEGLANG » CIKEUSIK » LEUWIBALANG
51622,1,1462526, Nasional » BANTEN » PANDEGLANG » CIKEUSIK » SUKASENENG
51622,2,1462527, Nasional » BANTEN » PANDEGLANG » CIKEUSIK » SUKASENENG
51622,3,1462528, Nasional » BANTEN » PANDEGLANG » CIKEUSIK » SUKASENENG
51622,4,1462529, Nasional » BANTEN » PANDEGLANG » CIKEUSIK » SUKASENENG
51622,5,1462530, Nasional » BANTEN » PANDEGLANG » CIKEUSIK » SUKASENENG
51622,6,1462531, Nasional » BANTEN » PANDEGLANG » CIKEUSIK » SUKASENENG
51622,7,1462532, Nasional » BANTEN » PANDEGLANG » CIKEUSIK » SUKASENENG
51622,8,1462533, Nasional » BANTEN » PANDEGLANG » CIKEUSIK » SUKASENENG
51623,1,1490053, Nasional » BANTEN » PANDEGLANG » CIKEUSIK » SUKAMULYA
51623,2,1490054, Nasional » BANTEN » PANDEGLANG » CIKEUSIK » SUKAMULYA
51623,3,1490055, Nasional » BANTEN » PANDEGLANG » CIKEUSIK » SUKAMULYA
51623,4,1490056, Nasional » BANTEN » PANDEGLANG » CIKEUSIK » SUKAMULYA
51623,5,1490057, Nasional » BANTEN » PANDEGLANG » CIKEUSIK » SUKAMULYA
51623,6,1490058, Nasional » BANTEN » PANDEGLANG » CIKEUSIK » SUKAMULYA
51623,7,1603654, Nasional » BANTEN » PANDEGLANG » CIKEUSIK » SUKAMULYA
51623,8,1603655, Nasional » BANTEN » PANDEGLANG » CIKEUSIK » SUKAMULYA
51623,9,1603656, Nasional » BANTEN » PANDEGLANG » CIKEUSIK » SUKAMULYA
51624,1,1425516, Nasional » BANTEN » PANDEGLANG » CIKEUSIK » UMBULAN
51624,2,1425517, Nasional » BANTEN » PANDEGLANG » CIKEUSIK » UMBULAN
51624,3,1425518, Nasional » BANTEN » PANDEGLANG » CIKEUSIK » UMBULAN
51624,4,1425519, Nasional » BANTEN » PANDEGLANG » CIKEUSIK » UMBULAN
51624,5,1425520, Nasional » BANTEN » PANDEGLANG » CIKEUSIK » UMBULAN
51624,6,1425521, Nasional » BANTEN » PANDEGLANG » CIKEUSIK » UMBULAN
51624,7,1425522, Nasional » BANTEN » PANDEGLANG » CIKEUSIK » UMBULAN
51624,8,1425523, Nasional » BANTEN » PANDEGLANG » CIKEUSIK » UMBULAN
51624,9,1425524, Nasional » BANTEN » PANDEGLANG » CIKEUSIK » UMBULAN
51625,1,1427086, Nasional » BANTEN » PANDEGLANG » CIKEUSIK » CIKIRUHWETAN
51625,2,1427087, Nasional » BANTEN » PANDEGLANG » CIKEUSIK » CIKIRUHWETAN
51625,3,1427088, Nasional » BANTEN » PANDEGLANG » CIKEUSIK » CIKIRUHWETAN
51625,4,1427089, Nasional » BANTEN » PANDEGLANG » CIKEUSIK » CIKIRUHWETAN
51625,5,1427090, Nasional » BANTEN » PANDEGLANG » CIKEUSIK » CIKIRUHWETAN
51625,6,1427091, Nasional » BANTEN » PANDEGLANG » CIKEUSIK » CIKIRUHWETAN
51625,7,1427092, Nasional » BANTEN » PANDEGLANG » CIKEUSIK » CIKIRUHWETAN
51625,8,1427093, Nasional » BANTEN » PANDEGLANG » CIKEUSIK » CIKIRUHWETAN
51625,9,1427094, Nasional » BANTEN » PANDEGLANG » CIKEUSIK » CIKIRUHWETAN
51625,10,1427095, Nasional » BANTEN » PANDEGLANG » CIKEUSIK » CIKIRUHWETAN
51625,11,1427096, Nasional » BANTEN » PANDEGLANG » CIKEUSIK » CIKIRUHWETAN
51625,12,1427097, Nasional » BANTEN » PANDEGLANG » CIKEUSIK » CIKIRUHWETAN
51627,1,1363421, Nasional » BANTEN » PANDEGLANG » CIGEULIS » KARANGBOLONG
51627,2,1363422, Nasional » BANTEN » PANDEGLANG » CIGEULIS » KARANGBOLONG
51627,3,1363423, Nasional » BANTEN » PANDEGLANG » CIGEULIS » KARANGBOLONG
51627,4,1363424, Nasional » BANTEN » PANDEGLANG » CIGEULIS » KARANGBOLONG
51627,5,1363425, Nasional » BANTEN » PANDEGLANG » CIGEULIS » KARANGBOLONG
51627,6,1363426, Nasional » BANTEN » PANDEGLANG » CIGEULIS » KARANGBOLONG
51627,7,1363427, Nasional » BANTEN » PANDEGLANG » CIGEULIS » KARANGBOLONG
51627,8,1363428, Nasional » BANTEN » PANDEGLANG » CIGEULIS » KARANGBOLONG
51627,9,1398500, Nasional » BANTEN » PANDEGLANG » CIGEULIS » KARANGBOLONG
51627,10,1398507, Nasional » BANTEN » PANDEGLANG » CIGEULIS » KARANGBOLONG
51628,1,1363439, Nasional » BANTEN » PANDEGLANG » CIGEULIS » KATUMBIRI
51628,2,1363440, Nasional » BANTEN » PANDEGLANG » CIGEULIS » KATUMBIRI
51628,3,1363441, Nasional » BANTEN » PANDEGLANG » CIGEULIS » KATUMBIRI
51628,4,1363442, Nasional » BANTEN » PANDEGLANG » CIGEULIS » KATUMBIRI
51628,5,1363443, Nasional » BANTEN » PANDEGLANG » CIGEULIS » KATUMBIRI
51628,6,1398526, Nasional » BANTEN » PANDEGLANG » CIGEULIS » KATUMBIRI
51629,1,1363458, Nasional » BANTEN » PANDEGLANG » CIGEULIS » WARINGINJAYA
51629,2,1363459, Nasional » BANTEN » PANDEGLANG » CIGEULIS » WARINGINJAYA
51629,3,1363460, Nasional » BANTEN » PANDEGLANG » CIGEULIS » WARINGINJAYA
51629,4,1363461, Nasional » BANTEN » PANDEGLANG » CIGEULIS » WARINGINJAYA
51629,5,1363462, Nasional » BANTEN » PANDEGLANG » CIGEULIS » WARINGINJAYA
51629,6,1363463, Nasional » BANTEN » PANDEGLANG » CIGEULIS » WARINGINJAYA
51629,7,1363464, Nasional » BANTEN » PANDEGLANG » CIGEULIS » WARINGINJAYA
51629,8,1363465, Nasional » BANTEN » PANDEGLANG » CIGEULIS » WARINGINJAYA
51629,9,1363466, Nasional » BANTEN » PANDEGLANG » CIGEULIS » WARINGINJAYA
51629,10,1363467, Nasional » BANTEN » PANDEGLANG » CIGEULIS » WARINGINJAYA
51630,1,1363429, Nasional » BANTEN » PANDEGLANG » CIGEULIS » KARYABUANA
51630,2,1363430, Nasional » BANTEN » PANDEGLANG » CIGEULIS » KARYABUANA
51630,3,1363431, Nasional » BANTEN » PANDEGLANG » CIGEULIS » KARYABUANA
51630,4,1363432, Nasional » BANTEN » PANDEGLANG » CIGEULIS » KARYABUANA
51630,5,1363433, Nasional » BANTEN » PANDEGLANG » CIGEULIS » KARYABUANA
51630,6,1363434, Nasional » BANTEN » PANDEGLANG » CIGEULIS » KARYABUANA
51630,7,1363435, Nasional » BANTEN » PANDEGLANG » CIGEULIS » KARYABUANA
51630,8,1363436, Nasional » BANTEN » PANDEGLANG » CIGEULIS » KARYABUANA
51630,9,1363437, Nasional » BANTEN » PANDEGLANG » CIGEULIS » KARYABUANA
51630,10,1363438, Nasional » BANTEN » PANDEGLANG » CIGEULIS » KARYABUANA
51631,1,1363451, Nasional » BANTEN » PANDEGLANG » CIGEULIS » TARUMANAGARA
51631,2,1363452, Nasional » BANTEN » PANDEGLANG » CIGEULIS » TARUMANAGARA
51631,3,1363453, Nasional » BANTEN » PANDEGLANG » CIGEULIS » TARUMANAGARA
51631,4,1363454, Nasional » BANTEN » PANDEGLANG » CIGEULIS » TARUMANAGARA
51631,5,1363455, Nasional » BANTEN » PANDEGLANG » CIGEULIS » TARUMANAGARA
51631,6,1363456, Nasional » BANTEN » PANDEGLANG » CIGEULIS » TARUMANAGARA
51631,7,1363457, Nasional » BANTEN » PANDEGLANG » CIGEULIS » TARUMANAGARA
51631,8,1398529, Nasional » BANTEN » PANDEGLANG » CIGEULIS » TARUMANAGARA
51632,1,1363412, Nasional » BANTEN » PANDEGLANG » CIGEULIS » CISEUREUHEUN
51632,2,1363413, Nasional » BANTEN » PANDEGLANG » CIGEULIS » CISEUREUHEUN
51632,3,1363414, Nasional » BANTEN » PANDEGLANG » CIGEULIS » CISEUREUHEUN
51632,4,1363415, Nasional » BANTEN » PANDEGLANG » CIGEULIS » CISEUREUHEUN
51632,5,1363416, Nasional » BANTEN » PANDEGLANG » CIGEULIS » CISEUREUHEUN
51632,6,1363417, Nasional » BANTEN » PANDEGLANG » CIGEULIS » CISEUREUHEUN
51632,7,1363418, Nasional » BANTEN » PANDEGLANG » CIGEULIS » CISEUREUHEUN
51632,8,1363419, Nasional » BANTEN » PANDEGLANG » CIGEULIS » CISEUREUHEUN
51632,9,1363420, Nasional » BANTEN » PANDEGLANG » CIGEULIS » CISEUREUHEUN
51632,10,1398530, Nasional » BANTEN » PANDEGLANG » CIGEULIS » CISEUREUHEUN
51633,1,1363386, Nasional » BANTEN » PANDEGLANG » CIGEULIS » BANYUASIH
51633,2,1363387, Nasional » BANTEN » PANDEGLANG » CIGEULIS » BANYUASIH
51633,3,1363388, Nasional » BANTEN » PANDEGLANG » CIGEULIS » BANYUASIH
51633,4,1363389, Nasional » BANTEN » PANDEGLANG » CIGEULIS » BANYUASIH
51633,5,1363390, Nasional » BANTEN » PANDEGLANG » CIGEULIS » BANYUASIH
51633,6,1363391, Nasional » BANTEN » PANDEGLANG » CIGEULIS » BANYUASIH
51633,7,1363392, Nasional » BANTEN » PANDEGLANG » CIGEULIS » BANYUASIH
51633,8,1363393, Nasional » BANTEN » PANDEGLANG » CIGEULIS » BANYUASIH
51633,9,1776873, Nasional » BANTEN » PANDEGLANG » CIGEULIS » BANYUASIH
51634,1,1363401, Nasional » BANTEN » PANDEGLANG » CIGEULIS » CIGEULIS
51634,2,1363402, Nasional » BANTEN » PANDEGLANG » CIGEULIS » CIGEULIS
51634,3,1363403, Nasional » BANTEN » PANDEGLANG » CIGEULIS » CIGEULIS
51634,4,1363404, Nasional » BANTEN » PANDEGLANG » CIGEULIS » CIGEULIS
51634,5,1363405, Nasional » BANTEN » PANDEGLANG » CIGEULIS » CIGEULIS
51634,6,1363406, Nasional » BANTEN » PANDEGLANG » CIGEULIS » CIGEULIS
51635,1,1363444, Nasional » BANTEN » PANDEGLANG » CIGEULIS » SINARJAYA
51635,2,1363445, Nasional » BANTEN » PANDEGLANG » CIGEULIS » SINARJAYA
51635,3,1363446, Nasional » BANTEN » PANDEGLANG » CIGEULIS » SINARJAYA
51635,4,1363447, Nasional » BANTEN » PANDEGLANG » CIGEULIS » SINARJAYA
51635,5,1363448, Nasional » BANTEN » PANDEGLANG » CIGEULIS » SINARJAYA
51635,6,1363449, Nasional » BANTEN » PANDEGLANG » CIGEULIS » SINARJAYA
51635,7,1363450, Nasional » BANTEN » PANDEGLANG » CIGEULIS » SINARJAYA
51637,1,1364298, Nasional » BANTEN » PANDEGLANG » PANIMBANG » PANIMBANGJAYA
51637,2,1364299, Nasional » BANTEN » PANDEGLANG » PANIMBANG » PANIMBANGJAYA
51637,3,1364300, Nasional » BANTEN » PANDEGLANG » PANIMBANG » PANIMBANGJAYA
51637,4,1364301, Nasional » BANTEN » PANDEGLANG » PANIMBANG » PANIMBANGJAYA
51637,5,1364302, Nasional » BANTEN » PANDEGLANG » PANIMBANG » PANIMBANGJAYA
51637,6,1364303, Nasional » BANTEN » PANDEGLANG » PANIMBANG » PANIMBANGJAYA
51637,7,1364304, Nasional » BANTEN » PANDEGLANG » PANIMBANG » PANIMBANGJAYA
51637,8,1364305, Nasional » BANTEN » PANDEGLANG » PANIMBANG » PANIMBANGJAYA
51637,9,1364306, Nasional » BANTEN » PANDEGLANG » PANIMBANG » PANIMBANGJAYA
51637,10,1364307, Nasional » BANTEN » PANDEGLANG » PANIMBANG » PANIMBANGJAYA
51637,11,1364308, Nasional » BANTEN » PANDEGLANG » PANIMBANG » PANIMBANGJAYA
51637,12,1364309, Nasional » BANTEN » PANDEGLANG » PANIMBANG » PANIMBANGJAYA
51637,13,1364310, Nasional » BANTEN » PANDEGLANG » PANIMBANG » PANIMBANGJAYA
51637,14,1364311, Nasional » BANTEN » PANDEGLANG » PANIMBANG » PANIMBANGJAYA
51637,15,1364312, Nasional » BANTEN » PANDEGLANG » PANIMBANG » PANIMBANGJAYA
51637,16,1364313, Nasional » BANTEN » PANDEGLANG » PANIMBANG » PANIMBANGJAYA
51637,17,1364314, Nasional » BANTEN » PANDEGLANG » PANIMBANG » PANIMBANGJAYA
51637,18,1364315, Nasional » BANTEN » PANDEGLANG » PANIMBANG » PANIMBANGJAYA
51637,19,1364316, Nasional » BANTEN » PANDEGLANG » PANIMBANG » PANIMBANGJAYA
51637,20,1364317, Nasional » BANTEN » PANDEGLANG » PANIMBANG » PANIMBANGJAYA
51637,21,1364318, Nasional » BANTEN » PANDEGLANG » PANIMBANG » PANIMBANGJAYA
51637,22,1364319, Nasional » BANTEN » PANDEGLANG » PANIMBANG » PANIMBANGJAYA
51637,23,1364320, Nasional » BANTEN » PANDEGLANG » PANIMBANG » PANIMBANGJAYA
51637,24,1364321, Nasional » BANTEN » PANDEGLANG » PANIMBANG » PANIMBANGJAYA
51637,25,1364322, Nasional » BANTEN » PANDEGLANG » PANIMBANG » PANIMBANGJAYA
51637,26,1364323, Nasional » BANTEN » PANDEGLANG » PANIMBANG » PANIMBANGJAYA
51637,27,1364324, Nasional » BANTEN » PANDEGLANG » PANIMBANG » PANIMBANGJAYA
51637,28,1364325, Nasional » BANTEN » PANDEGLANG » PANIMBANG » PANIMBANGJAYA
51638,1,1429144, Nasional » BANTEN » PANDEGLANG » PANIMBANG » MEKARJAYA
51638,2,1429145, Nasional » BANTEN » PANDEGLANG » PANIMBANG » MEKARJAYA
51638,3,1429146, Nasional » BANTEN » PANDEGLANG » PANIMBANG » MEKARJAYA
51638,4,1429147, Nasional » BANTEN » PANDEGLANG » PANIMBANG » MEKARJAYA
51638,5,1429148, Nasional » BANTEN » PANDEGLANG » PANIMBANG » MEKARJAYA
51638,6,1429149, Nasional » BANTEN » PANDEGLANG » PANIMBANG » MEKARJAYA
51638,7,1429150, Nasional » BANTEN » PANDEGLANG » PANIMBANG » MEKARJAYA
51638,8,1429151, Nasional » BANTEN » PANDEGLANG » PANIMBANG » MEKARJAYA
51638,9,1429152, Nasional » BANTEN » PANDEGLANG » PANIMBANG » MEKARJAYA
51638,10,1429153, Nasional » BANTEN » PANDEGLANG » PANIMBANG » MEKARJAYA
51639,1,1277574, Nasional » BANTEN » PANDEGLANG » PANIMBANG » GOMBONG
51639,2,1277575, Nasional » BANTEN » PANDEGLANG » PANIMBANG » GOMBONG
51639,3,1277576, Nasional » BANTEN » PANDEGLANG » PANIMBANG » GOMBONG
51639,4,1277577, Nasional » BANTEN » PANDEGLANG » PANIMBANG » GOMBONG
51639,5,1277578, Nasional » BANTEN » PANDEGLANG » PANIMBANG » GOMBONG
51639,6,1277579, Nasional » BANTEN » PANDEGLANG » PANIMBANG » GOMBONG
51639,7,1277580, Nasional » BANTEN » PANDEGLANG » PANIMBANG » GOMBONG
51639,8,1277581, Nasional » BANTEN » PANDEGLANG » PANIMBANG » GOMBONG
51640,1,1425525, Nasional » BANTEN » PANDEGLANG » PANIMBANG » MEKARSARI
51640,2,1425526, Nasional » BANTEN » PANDEGLANG » PANIMBANG » MEKARSARI
51640,3,1425527, Nasional » BANTEN » PANDEGLANG » PANIMBANG » MEKARSARI
51640,4,1425528, Nasional » BANTEN » PANDEGLANG » PANIMBANG » MEKARSARI
51640,5,1425529, Nasional » BANTEN » PANDEGLANG » PANIMBANG » MEKARSARI
51640,6,1425530, Nasional » BANTEN » PANDEGLANG » PANIMBANG » MEKARSARI
51640,7,1425531, Nasional » BANTEN » PANDEGLANG » PANIMBANG » MEKARSARI
51640,8,1425532, Nasional » BANTEN » PANDEGLANG » PANIMBANG » MEKARSARI
51640,9,1425533, Nasional » BANTEN » PANDEGLANG » PANIMBANG » MEKARSARI
51640,10,1425534, Nasional » BANTEN » PANDEGLANG » PANIMBANG » MEKARSARI
51640,11,1425535, Nasional » BANTEN » PANDEGLANG » PANIMBANG » MEKARSARI
51640,12,1425536, Nasional » BANTEN » PANDEGLANG » PANIMBANG » MEKARSARI
51640,13,1425537, Nasional » BANTEN » PANDEGLANG » PANIMBANG » MEKARSARI
51640,14,1425538, Nasional » BANTEN » PANDEGLANG » PANIMBANG » MEKARSARI
51640,15,1425539, Nasional » BANTEN » PANDEGLANG » PANIMBANG » MEKARSARI
51640,16,1425540, Nasional » BANTEN » PANDEGLANG » PANIMBANG » MEKARSARI
51640,17,1425541, Nasional » BANTEN » PANDEGLANG » PANIMBANG » MEKARSARI
51640,18,1425542, Nasional » BANTEN » PANDEGLANG » PANIMBANG » MEKARSARI
51640,19,1425543, Nasional » BANTEN » PANDEGLANG » PANIMBANG » MEKARSARI
51640,20,1426506, Nasional » BANTEN » PANDEGLANG » PANIMBANG » MEKARSARI
51640,21,1426522, Nasional » BANTEN » PANDEGLANG » PANIMBANG » MEKARSARI
51640,22,1426529, Nasional » BANTEN » PANDEGLANG » PANIMBANG » MEKARSARI
51640,23,1426540, Nasional » BANTEN » PANDEGLANG » PANIMBANG » MEKARSARI
51641,1,1364282, Nasional » BANTEN » PANDEGLANG » PANIMBANG » CITEUREUP
51641,2,1364283, Nasional » BANTEN » PANDEGLANG » PANIMBANG » CITEUREUP
51641,3,1364284, Nasional » BANTEN » PANDEGLANG » PANIMBANG » CITEUREUP
51641,4,1364285, Nasional » BANTEN » PANDEGLANG » PANIMBANG » CITEUREUP
51641,5,1364286, Nasional » BANTEN » PANDEGLANG » PANIMBANG » CITEUREUP
51641,6,1364287, Nasional » BANTEN » PANDEGLANG » PANIMBANG » CITEUREUP
51641,7,1364288, Nasional » BANTEN » PANDEGLANG » PANIMBANG » CITEUREUP
51641,8,1364289, Nasional » BANTEN » PANDEGLANG » PANIMBANG » CITEUREUP
51641,9,1364290, Nasional » BANTEN » PANDEGLANG » PANIMBANG » CITEUREUP
51641,10,1364291, Nasional » BANTEN » PANDEGLANG » PANIMBANG » CITEUREUP
51641,11,1364292, Nasional » BANTEN » PANDEGLANG » PANIMBANG » CITEUREUP
51641,12,1364293, Nasional » BANTEN » PANDEGLANG » PANIMBANG » CITEUREUP
51641,13,1364294, Nasional » BANTEN » PANDEGLANG » PANIMBANG » CITEUREUP
51641,14,1364295, Nasional » BANTEN » PANDEGLANG » PANIMBANG » CITEUREUP
51641,15,1364296, Nasional » BANTEN » PANDEGLANG » PANIMBANG » CITEUREUP
51641,16,1364297, Nasional » BANTEN » PANDEGLANG » PANIMBANG » CITEUREUP
51642,1,1277638, Nasional » BANTEN » PANDEGLANG » PANIMBANG » TANJUNGJAYA
51642,2,1277639, Nasional » BANTEN » PANDEGLANG » PANIMBANG » TANJUNGJAYA
51642,3,1277640, Nasional » BANTEN » PANDEGLANG » PANIMBANG » TANJUNGJAYA
51642,4,1277641, Nasional » BANTEN » PANDEGLANG » PANIMBANG » TANJUNGJAYA
51642,5,1277642, Nasional » BANTEN » PANDEGLANG » PANIMBANG » TANJUNGJAYA
51642,6,1277643, Nasional » BANTEN » PANDEGLANG » PANIMBANG » TANJUNGJAYA
51642,7,1277644, Nasional » BANTEN » PANDEGLANG » PANIMBANG » TANJUNGJAYA
51642,8,1277645, Nasional » BANTEN » PANDEGLANG » PANIMBANG » TANJUNGJAYA
51642,9,1277646, Nasional » BANTEN » PANDEGLANG » PANIMBANG » TANJUNGJAYA
51642,10,1277647, Nasional » BANTEN » PANDEGLANG » PANIMBANG » TANJUNGJAYA
51642,11,1277648, Nasional » BANTEN » PANDEGLANG » PANIMBANG » TANJUNGJAYA
51642,12,1277649, Nasional » BANTEN » PANDEGLANG » PANIMBANG » TANJUNGJAYA
51642,13,1277650, Nasional » BANTEN » PANDEGLANG » PANIMBANG » TANJUNGJAYA
51644,1,1364195, Nasional » BANTEN » PANDEGLANG » ANGSANA » ANGSANA
51644,2,1364196, Nasional » BANTEN » PANDEGLANG » ANGSANA » ANGSANA
51644,3,1364197, Nasional » BANTEN » PANDEGLANG » ANGSANA » ANGSANA
51644,4,1364198, Nasional » BANTEN » PANDEGLANG » ANGSANA » ANGSANA
51644,5,1364199, Nasional » BANTEN » PANDEGLANG » ANGSANA » ANGSANA
51644,6,1364200, Nasional » BANTEN » PANDEGLANG » ANGSANA » ANGSANA
51644,7,1364201, Nasional » BANTEN » PANDEGLANG » ANGSANA » ANGSANA
51644,8,1364202, Nasional » BANTEN » PANDEGLANG » ANGSANA » ANGSANA
51644,9,1364203, Nasional » BANTEN » PANDEGLANG » ANGSANA » ANGSANA
51644,10,1394426, Nasional » BANTEN » PANDEGLANG » ANGSANA » ANGSANA
51645,1,1362713, Nasional » BANTEN » PANDEGLANG » ANGSANA » PADAHERANG
51645,2,1362714, Nasional » BANTEN » PANDEGLANG » ANGSANA » PADAHERANG
51645,3,1362715, Nasional » BANTEN » PANDEGLANG » ANGSANA » PADAHERANG
51645,4,1362716, Nasional » BANTEN » PANDEGLANG » ANGSANA » PADAHERANG
51645,5,1362717, Nasional » BANTEN » PANDEGLANG » ANGSANA » PADAHERANG
51645,6,1398982, Nasional » BANTEN » PANDEGLANG » ANGSANA » PADAHERANG
51646,1,1362718, Nasional » BANTEN » PANDEGLANG » ANGSANA » PADAMULYA
51646,2,1362719, Nasional » BANTEN » PANDEGLANG » ANGSANA » PADAMULYA
51646,3,1362720, Nasional » BANTEN » PANDEGLANG » ANGSANA » PADAMULYA
51646,4,1362721, Nasional » BANTEN » PANDEGLANG » ANGSANA » PADAMULYA
51646,5,1362722, Nasional » BANTEN » PANDEGLANG » ANGSANA » PADAMULYA
51647,1,1362701, Nasional » BANTEN » PANDEGLANG » ANGSANA » KARANGSARI
51647,2,1362702, Nasional » BANTEN » PANDEGLANG » ANGSANA » KARANGSARI
51647,3,1362703, Nasional » BANTEN » PANDEGLANG » ANGSANA » KARANGSARI
51647,4,1362704, Nasional » BANTEN » PANDEGLANG » ANGSANA » KARANGSARI
51647,5,1362705, Nasional » BANTEN » PANDEGLANG » ANGSANA » KARANGSARI
51647,6,1362706, Nasional » BANTEN » PANDEGLANG » ANGSANA » KARANGSARI
51647,7,1362707, Nasional » BANTEN » PANDEGLANG » ANGSANA » KARANGSARI
51647,8,1394440, Nasional » BANTEN » PANDEGLANG » ANGSANA » KARANGSARI
51648,1,1362682, Nasional » BANTEN » PANDEGLANG » ANGSANA » CIKAYAS
51648,2,1362683, Nasional » BANTEN » PANDEGLANG » ANGSANA » CIKAYAS
51648,3,1362684, Nasional » BANTEN » PANDEGLANG » ANGSANA » CIKAYAS
51648,4,1362685, Nasional » BANTEN » PANDEGLANG » ANGSANA » CIKAYAS
51648,5,1362686, Nasional » BANTEN » PANDEGLANG » ANGSANA » CIKAYAS
51648,6,1362687, Nasional » BANTEN » PANDEGLANG » ANGSANA » CIKAYAS
51648,7,1362688, Nasional » BANTEN » PANDEGLANG » ANGSANA » CIKAYAS
51648,8,1394435, Nasional » BANTEN » PANDEGLANG » ANGSANA » CIKAYAS
51649,1,1362723, Nasional » BANTEN » PANDEGLANG » ANGSANA » SUMURLABAN
51649,2,1362724, Nasional » BANTEN » PANDEGLANG » ANGSANA » SUMURLABAN
51649,3,1362725, Nasional » BANTEN » PANDEGLANG » ANGSANA » SUMURLABAN
51649,4,1362726, Nasional » BANTEN » PANDEGLANG » ANGSANA » SUMURLABAN
51649,5,1362727, Nasional » BANTEN » PANDEGLANG » ANGSANA » SUMURLABAN
51649,6,1362728, Nasional » BANTEN » PANDEGLANG » ANGSANA » SUMURLABAN
51649,7,1362729, Nasional » BANTEN » PANDEGLANG » ANGSANA » SUMURLABAN
51650,1,1362697, Nasional » BANTEN » PANDEGLANG » ANGSANA » KADUBADAK
51650,2,1362698, Nasional » BANTEN » PANDEGLANG » ANGSANA » KADUBADAK
51650,3,1362699, Nasional » BANTEN » PANDEGLANG » ANGSANA » KADUBADAK
51650,4,1362700, Nasional » BANTEN » PANDEGLANG » ANGSANA » KADUBADAK
51652,1,1362708, Nasional » BANTEN » PANDEGLANG » ANGSANA » KRAMATMANIK
51652,2,1362709, Nasional » BANTEN » PANDEGLANG » ANGSANA » KRAMATMANIK
51652,3,1362710, Nasional » BANTEN » PANDEGLANG » ANGSANA » KRAMATMANIK
51652,4,1362711, Nasional » BANTEN » PANDEGLANG » ANGSANA » KRAMATMANIK
51652,5,1362712, Nasional » BANTEN » PANDEGLANG » ANGSANA » KRAMATMANIK
51654,1,1273276, Nasional » BANTEN » PANDEGLANG » MUNJUL » PASANGGRAHAN
51654,2,1273277, Nasional » BANTEN » PANDEGLANG » MUNJUL » PASANGGRAHAN
51654,3,1273278, Nasional » BANTEN » PANDEGLANG » MUNJUL » PASANGGRAHAN
51654,4,1273279, Nasional » BANTEN » PANDEGLANG » MUNJUL » PASANGGRAHAN
51654,5,1273280, Nasional » BANTEN » PANDEGLANG » MUNJUL » PASANGGRAHAN
51655,1,1273322, Nasional » BANTEN » PANDEGLANG » MUNJUL » SUKASABA
51655,2,1273323, Nasional » BANTEN » PANDEGLANG » MUNJUL » SUKASABA
51655,3,1273324, Nasional » BANTEN » PANDEGLANG » MUNJUL » SUKASABA
51655,4,1273325, Nasional » BANTEN » PANDEGLANG » MUNJUL » SUKASABA
51655,5,1273326, Nasional » BANTEN » PANDEGLANG » MUNJUL » SUKASABA
51655,6,1273327, Nasional » BANTEN » PANDEGLANG » MUNJUL » SUKASABA
51655,7,1273328, Nasional » BANTEN » PANDEGLANG » MUNJUL » SUKASABA
51655,8,1273329, Nasional » BANTEN » PANDEGLANG » MUNJUL » SUKASABA
51655,9,1405044, Nasional » BANTEN » PANDEGLANG » MUNJUL » SUKASABA
51656,1,1273086, Nasional » BANTEN » PANDEGLANG » MUNJUL » GUNUNGBATU
51656,2,1273087, Nasional » BANTEN » PANDEGLANG » MUNJUL » GUNUNGBATU
51656,3,1273088, Nasional » BANTEN » PANDEGLANG » MUNJUL » GUNUNGBATU
51656,4,1273089, Nasional » BANTEN » PANDEGLANG » MUNJUL » GUNUNGBATU
51656,5,1273090, Nasional » BANTEN » PANDEGLANG » MUNJUL » GUNUNGBATU
51656,6,1273091, Nasional » BANTEN » PANDEGLANG » MUNJUL » GUNUNGBATU
51656,7,1273092, Nasional » BANTEN » PANDEGLANG » MUNJUL » GUNUNGBATU
51656,8,1405076, Nasional » BANTEN » PANDEGLANG » MUNJUL » GUNUNGBATU
51657,1,1273217, Nasional » BANTEN » PANDEGLANG » MUNJUL » PANACARAN
51657,2,1273219, Nasional » BANTEN » PANDEGLANG » MUNJUL » PANACARAN
51657,3,1273223, Nasional » BANTEN » PANDEGLANG » MUNJUL » PANACARAN
51657,4,1273224, Nasional » BANTEN » PANDEGLANG » MUNJUL » PANACARAN
51657,5,1273226, Nasional » BANTEN » PANDEGLANG » MUNJUL » PANACARAN
51657,6,1273228, Nasional » BANTEN » PANDEGLANG » MUNJUL » PANACARAN
51657,7,1409908, Nasional » BANTEN » PANDEGLANG » MUNJUL » PANACARAN
51658,1,1273079, Nasional » BANTEN » PANDEGLANG » MUNJUL » CURUGLANGLANG
51658,2,1273080, Nasional » BANTEN » PANDEGLANG » MUNJUL » CURUGLANGLANG
51658,3,1273081, Nasional » BANTEN » PANDEGLANG » MUNJUL » CURUGLANGLANG
51658,4,1273082, Nasional » BANTEN » PANDEGLANG » MUNJUL » CURUGLANGLANG
51658,5,1273083, Nasional » BANTEN » PANDEGLANG » MUNJUL » CURUGLANGLANG
51659,1,1273179, Nasional » BANTEN » PANDEGLANG » MUNJUL » MUNJUL
51659,2,1273180, Nasional » BANTEN » PANDEGLANG » MUNJUL » MUNJUL
51659,3,1273181, Nasional » BANTEN » PANDEGLANG » MUNJUL » MUNJUL
51659,4,1273182, Nasional » BANTEN » PANDEGLANG » MUNJUL » MUNJUL
51659,5,1273183, Nasional » BANTEN » PANDEGLANG » MUNJUL » MUNJUL
51659,6,1273184, Nasional » BANTEN » PANDEGLANG » MUNJUL » MUNJUL
51660,1,1272963, Nasional » BANTEN » PANDEGLANG » MUNJUL » CIBITUNG
51660,2,1272964, Nasional » BANTEN » PANDEGLANG » MUNJUL » CIBITUNG
51660,3,1272965, Nasional » BANTEN » PANDEGLANG » MUNJUL » CIBITUNG
51660,4,1272966, Nasional » BANTEN » PANDEGLANG » MUNJUL » CIBITUNG
51660,5,1272967, Nasional » BANTEN » PANDEGLANG » MUNJUL » CIBITUNG
51661,1,1364248, Nasional » BANTEN » PANDEGLANG » MUNJUL » KOTADUKUH
51661,2,1364249, Nasional » BANTEN » PANDEGLANG » MUNJUL » KOTADUKUH
51661,3,1364250, Nasional » BANTEN » PANDEGLANG » MUNJUL » KOTADUKUH
51661,4,1364251, Nasional » BANTEN » PANDEGLANG » MUNJUL » KOTADUKUH
51661,5,1364252, Nasional » BANTEN » PANDEGLANG » MUNJUL » KOTADUKUH
51662,1,1364259, Nasional » BANTEN » PANDEGLANG » MUNJUL » LEBAK
51662,2,1364260, Nasional » BANTEN » PANDEGLANG » MUNJUL » LEBAK
51662,3,1364261, Nasional » BANTEN » PANDEGLANG » MUNJUL » LEBAK
51662,4,1364262, Nasional » BANTEN » PANDEGLANG » MUNJUL » LEBAK
51662,5,1364263, Nasional » BANTEN » PANDEGLANG » MUNJUL » LEBAK
51662,6,1410368, Nasional » BANTEN » PANDEGLANG » MUNJUL » LEBAK
51664,1,1488587, Nasional » BANTEN » PANDEGLANG » PAGELARAN » SUKADAME
51664,2,1488588, Nasional » BANTEN » PANDEGLANG » PAGELARAN » SUKADAME
51664,3,1488589, Nasional » BANTEN » PANDEGLANG » PAGELARAN » SUKADAME
51664,4,1488590, Nasional » BANTEN » PANDEGLANG » PAGELARAN » SUKADAME
51664,5,1488591, Nasional » BANTEN » PANDEGLANG » PAGELARAN » SUKADAME
51666,1,1363898, Nasional » BANTEN » PANDEGLANG » PAGELARAN » SURAKARTA
51666,2,1363899, Nasional » BANTEN » PANDEGLANG » PAGELARAN » SURAKARTA
51666,3,1363900, Nasional » BANTEN » PANDEGLANG » PAGELARAN » SURAKARTA
51666,4,1363901, Nasional » BANTEN » PANDEGLANG » PAGELARAN » SURAKARTA
51667,1,1363586, Nasional » BANTEN » PANDEGLANG » PAGELARAN » MONTOR
51667,2,1363587, Nasional » BANTEN » PANDEGLANG » PAGELARAN » MONTOR
51667,3,1363588, Nasional » BANTEN » PANDEGLANG » PAGELARAN » MONTOR
51667,4,1363589, Nasional » BANTEN » PANDEGLANG » PAGELARAN » MONTOR
51667,5,1363590, Nasional » BANTEN » PANDEGLANG » PAGELARAN » MONTOR
51667,6,1363591, Nasional » BANTEN » PANDEGLANG » PAGELARAN » MONTOR
51667,7,1363592, Nasional » BANTEN » PANDEGLANG » PAGELARAN » MONTOR
51667,8,1363593, Nasional » BANTEN » PANDEGLANG » PAGELARAN » MONTOR
51668,1,1263138, Nasional » BANTEN » PANDEGLANG » PAGELARAN » KERTASANA
51668,2,1263139, Nasional » BANTEN » PANDEGLANG » PAGELARAN » KERTASANA
51668,3,1263140, Nasional » BANTEN » PANDEGLANG » PAGELARAN » KERTASANA
51668,4,1263141, Nasional » BANTEN » PANDEGLANG » PAGELARAN » KERTASANA
51669,1,1263130, Nasional » BANTEN » PANDEGLANG » PAGELARAN » BAMA
51669,2,1789356, Nasional » BANTEN » PANDEGLANG » PAGELARAN » BAMA
51669,3,1263132, Nasional » BANTEN » PANDEGLANG » PAGELARAN » BAMA
51669,4,1263133, Nasional » BANTEN » PANDEGLANG » PAGELARAN » BAMA
51669,5,1263134, Nasional » BANTEN » PANDEGLANG » PAGELARAN » BAMA
51670,1,1410059, Nasional » BANTEN » PANDEGLANG » PAGELARAN » MARGASANA
51670,2,1410060, Nasional » BANTEN » PANDEGLANG » PAGELARAN » MARGASANA
51670,3,1410061, Nasional » BANTEN » PANDEGLANG » PAGELARAN » MARGASANA
51670,4,1410062, Nasional » BANTEN » PANDEGLANG » PAGELARAN » MARGASANA
51670,5,1410063, Nasional » BANTEN » PANDEGLANG » PAGELARAN » MARGASANA
51670,6,1410064, Nasional » BANTEN » PANDEGLANG » PAGELARAN » MARGASANA
51671,1,1263146, Nasional » BANTEN » PANDEGLANG » PAGELARAN » SINDANGLAYA
51671,2,1263147, Nasional » BANTEN » PANDEGLANG » PAGELARAN » SINDANGLAYA
51671,3,1263148, Nasional » BANTEN » PANDEGLANG » PAGELARAN » SINDANGLAYA
51671,4,1263149, Nasional » BANTEN » PANDEGLANG » PAGELARAN » SINDANGLAYA
51672,1,1363902, Nasional » BANTEN » PANDEGLANG » PAGELARAN » TEGALPAPAK
51672,2,1363903, Nasional » BANTEN » PANDEGLANG » PAGELARAN » TEGALPAPAK
51672,3,1363904, Nasional » BANTEN » PANDEGLANG » PAGELARAN » TEGALPAPAK
51672,4,1363905, Nasional » BANTEN » PANDEGLANG » PAGELARAN » TEGALPAPAK
51672,5,1363906, Nasional » BANTEN » PANDEGLANG » PAGELARAN » TEGALPAPAK
51673,1,1363553, Nasional » BANTEN » PANDEGLANG » PAGELARAN » BULAGOR
51673,2,1363554, Nasional » BANTEN » PANDEGLANG » PAGELARAN » BULAGOR
51673,3,1363555, Nasional » BANTEN » PANDEGLANG » PAGELARAN » BULAGOR
51673,4,1363556, Nasional » BANTEN » PANDEGLANG » PAGELARAN » BULAGOR
51673,5,1363557, Nasional » BANTEN » PANDEGLANG » PAGELARAN » BULAGOR
51674,1,1263135, Nasional » BANTEN » PANDEGLANG » PAGELARAN » HARAPANKARYA
51674,2,1263136, Nasional » BANTEN » PANDEGLANG » PAGELARAN » HARAPANKARYA
51674,3,1263137, Nasional » BANTEN » PANDEGLANG » PAGELARAN » HARAPANKARYA
51675,1,1263142, Nasional » BANTEN » PANDEGLANG » PAGELARAN » SENANGSARI
51675,2,1263143, Nasional » BANTEN » PANDEGLANG » PAGELARAN » SENANGSARI
51675,3,1263144, Nasional » BANTEN » PANDEGLANG » PAGELARAN » SENANGSARI
51675,4,1263145, Nasional » BANTEN » PANDEGLANG » PAGELARAN » SENANGSARI
51676,1,1363561, Nasional » BANTEN » PANDEGLANG » PAGELARAN » MARGAGIRI
51676,2,1363562, Nasional » BANTEN » PANDEGLANG » PAGELARAN » MARGAGIRI
51676,3,1363563, Nasional » BANTEN » PANDEGLANG » PAGELARAN » MARGAGIRI
51676,4,1363564, Nasional » BANTEN » PANDEGLANG » PAGELARAN » MARGAGIRI
51676,5,1363565, Nasional » BANTEN » PANDEGLANG » PAGELARAN » MARGAGIRI
51676,6,1363566, Nasional » BANTEN » PANDEGLANG » PAGELARAN » MARGAGIRI
51676,7,1363567, Nasional » BANTEN » PANDEGLANG » PAGELARAN » MARGAGIRI
51676,8,1363568, Nasional » BANTEN » PANDEGLANG » PAGELARAN » MARGAGIRI
51678,1,1770780, Nasional » BANTEN » PANDEGLANG » BOJONG » MEKARSARI
51678,2,1770781, Nasional » BANTEN » PANDEGLANG » BOJONG » MEKARSARI
51678,3,1770782, Nasional » BANTEN » PANDEGLANG » BOJONG » MEKARSARI
51678,4,1770783, Nasional » BANTEN » PANDEGLANG » BOJONG » MEKARSARI
51678,5,1770784, Nasional » BANTEN » PANDEGLANG » BOJONG » MEKARSARI
51678,6,1770785, Nasional » BANTEN » PANDEGLANG » BOJONG » MEKARSARI
51678,7,1770794, Nasional » BANTEN » PANDEGLANG » BOJONG » MEKARSARI
51678,8,1770795, Nasional » BANTEN » PANDEGLANG » BOJONG » MEKARSARI
51678,9,1770796, Nasional » BANTEN » PANDEGLANG » BOJONG » MEKARSARI
51678,10,1770797, Nasional » BANTEN » PANDEGLANG » BOJONG » MEKARSARI
51678,11,1770798, Nasional » BANTEN » PANDEGLANG » BOJONG » MEKARSARI
51679,1,1362817, Nasional » BANTEN » PANDEGLANG » BOJONG » CIJAKAN
51679,2,1362818, Nasional » BANTEN » PANDEGLANG » BOJONG » CIJAKAN
51679,3,1362819, Nasional » BANTEN » PANDEGLANG » BOJONG » CIJAKAN
51679,4,1362820, Nasional » BANTEN » PANDEGLANG » BOJONG » CIJAKAN
51679,5,1362821, Nasional » BANTEN » PANDEGLANG » BOJONG » CIJAKAN
51679,6,1362822, Nasional » BANTEN » PANDEGLANG » BOJONG » CIJAKAN
51679,7,1362823, Nasional » BANTEN » PANDEGLANG » BOJONG » CIJAKAN
51680,1,1362858, Nasional » BANTEN » PANDEGLANG » BOJONG » GEREDUG
51680,2,1362860, Nasional » BANTEN » PANDEGLANG » BOJONG » GEREDUG
51680,3,1362862, Nasional » BANTEN » PANDEGLANG » BOJONG » GEREDUG
51680,4,1362864, Nasional » BANTEN » PANDEGLANG » BOJONG » GEREDUG
51680,5,1362866, Nasional » BANTEN » PANDEGLANG » BOJONG » GEREDUG
51680,6,1362867, Nasional » BANTEN » PANDEGLANG » BOJONG » GEREDUG
51681,1,1362787, Nasional » BANTEN » PANDEGLANG » BOJONG » BOJONG
51681,2,1362788, Nasional » BANTEN » PANDEGLANG » BOJONG » BOJONG
51681,3,1362789, Nasional » BANTEN » PANDEGLANG » BOJONG » BOJONG
51681,4,1362790, Nasional » BANTEN » PANDEGLANG » BOJONG » BOJONG
51681,5,1362791, Nasional » BANTEN » PANDEGLANG » BOJONG » BOJONG
51681,6,1362792, Nasional » BANTEN » PANDEGLANG » BOJONG » BOJONG
51681,7,1362793, Nasional » BANTEN » PANDEGLANG » BOJONG » BOJONG
51681,8,1362794, Nasional » BANTEN » PANDEGLANG » BOJONG » BOJONG
51681,9,1362795, Nasional » BANTEN » PANDEGLANG » BOJONG » BOJONG
51681,10,1362796, Nasional » BANTEN » PANDEGLANG » BOJONG » BOJONG
51681,11,1362797, Nasional » BANTEN » PANDEGLANG » BOJONG » BOJONG
51681,12,1362798, Nasional » BANTEN » PANDEGLANG » BOJONG » BOJONG
51681,13,1362799, Nasional » BANTEN » PANDEGLANG » BOJONG » BOJONG
51681,14,1362800, Nasional » BANTEN » PANDEGLANG » BOJONG » BOJONG
51681,15,1362801, Nasional » BANTEN » PANDEGLANG » BOJONG » BOJONG
51682,1,1776013, Nasional » BANTEN » PANDEGLANG » BOJONG » BANYUMAS
51682,2,1776014, Nasional » BANTEN » PANDEGLANG » BOJONG » BANYUMAS
51682,3,1776015, Nasional » BANTEN » PANDEGLANG » BOJONG » BANYUMAS
51682,4,1776016, Nasional » BANTEN » PANDEGLANG » BOJONG » BANYUMAS
51682,5,1776017, Nasional » BANTEN » PANDEGLANG » BOJONG » BANYUMAS
51682,6,1776166, Nasional » BANTEN » PANDEGLANG » BOJONG » BANYUMAS
51682,7,1776167, Nasional » BANTEN » PANDEGLANG » BOJONG » BANYUMAS
51682,8,1776169, Nasional » BANTEN » PANDEGLANG » BOJONG » BANYUMAS
51683,1,1756259, Nasional » BANTEN » PANDEGLANG » BOJONG » CITUMENGGUNG
51683,2,1756260, Nasional » BANTEN » PANDEGLANG » BOJONG » CITUMENGGUNG
51683,3,1756261, Nasional » BANTEN » PANDEGLANG » BOJONG » CITUMENGGUNG
51683,4,1756262, Nasional » BANTEN » PANDEGLANG » BOJONG » CITUMENGGUNG
51683,5,1756263, Nasional » BANTEN » PANDEGLANG » BOJONG » CITUMENGGUNG
51683,6,1756264, Nasional » BANTEN » PANDEGLANG » BOJONG » CITUMENGGUNG
51683,7,1756265, Nasional » BANTEN » PANDEGLANG » BOJONG » CITUMENGGUNG
51683,8,1758190, Nasional » BANTEN » PANDEGLANG » BOJONG » CITUMENGGUNG
51684,1,1362868, Nasional » BANTEN » PANDEGLANG » BOJONG » MANGGUNGJAYA
51684,2,1362869, Nasional » BANTEN » PANDEGLANG » BOJONG » MANGGUNGJAYA
51684,3,1362870, Nasional » BANTEN » PANDEGLANG » BOJONG » MANGGUNGJAYA
51684,4,1362871, Nasional » BANTEN » PANDEGLANG » BOJONG » MANGGUNGJAYA
51684,5,1362872, Nasional » BANTEN » PANDEGLANG » BOJONG » MANGGUNGJAYA
51684,6,1362873, Nasional » BANTEN » PANDEGLANG » BOJONG » MANGGUNGJAYA
51684,7,1362874, Nasional » BANTEN » PANDEGLANG » BOJONG » MANGGUNGJAYA
51685,1,1362806, Nasional » BANTEN » PANDEGLANG » BOJONG » CAHAYAMEKAR
51685,2,1362807, Nasional » BANTEN » PANDEGLANG » BOJONG » CAHAYAMEKAR
51685,3,1362808, Nasional » BANTEN » PANDEGLANG » BOJONG » CAHAYAMEKAR
51685,4,1362809, Nasional » BANTEN » PANDEGLANG » BOJONG » CAHAYAMEKAR
51685,5,1362810, Nasional » BANTEN » PANDEGLANG » BOJONG » CAHAYAMEKAR
51685,6,1362811, Nasional » BANTEN » PANDEGLANG » BOJONG » CAHAYAMEKAR
51685,7,1362812, Nasional » BANTEN » PANDEGLANG » BOJONG » CAHAYAMEKAR
51685,8,1362813, Nasional » BANTEN » PANDEGLANG » BOJONG » CAHAYAMEKAR
51687,1,1364399, Nasional » BANTEN » PANDEGLANG » PICUNG » PASIRSEDANG
51687,2,1364400, Nasional » BANTEN » PANDEGLANG » PICUNG » PASIRSEDANG
51687,3,1364401, Nasional » BANTEN » PANDEGLANG » PICUNG » PASIRSEDANG
51687,4,1364402, Nasional » BANTEN » PANDEGLANG » PICUNG » PASIRSEDANG
51687,5,1364403, Nasional » BANTEN » PANDEGLANG » PICUNG » PASIRSEDANG
51687,6,1364404, Nasional » BANTEN » PANDEGLANG » PICUNG » PASIRSEDANG
51687,7,1364405, Nasional » BANTEN » PANDEGLANG » PICUNG » PASIRSEDANG
51687,8,1364406, Nasional » BANTEN » PANDEGLANG » PICUNG » PASIRSEDANG
51687,9,1364407, Nasional » BANTEN » PANDEGLANG » PICUNG » PASIRSEDANG
51687,10,1364408, Nasional » BANTEN » PANDEGLANG » PICUNG » PASIRSEDANG
51687,11,1364409, Nasional » BANTEN » PANDEGLANG » PICUNG » PASIRSEDANG
51688,1,1364152, Nasional » BANTEN » PANDEGLANG » PICUNG » CILILITAN
51688,2,1364153, Nasional » BANTEN » PANDEGLANG » PICUNG » CILILITAN
51688,3,1364154, Nasional » BANTEN » PANDEGLANG » PICUNG » CILILITAN
51688,4,1364155, Nasional » BANTEN » PANDEGLANG » PICUNG » CILILITAN
51688,5,1364156, Nasional » BANTEN » PANDEGLANG » PICUNG » CILILITAN
51688,6,1364157, Nasional » BANTEN » PANDEGLANG » PICUNG » CILILITAN
51688,7,1364158, Nasional » BANTEN » PANDEGLANG » PICUNG » CILILITAN
51688,8,1364159, Nasional » BANTEN » PANDEGLANG » PICUNG » CILILITAN
51688,9,1364160, Nasional » BANTEN » PANDEGLANG » PICUNG » CILILITAN
51688,10,1364161, Nasional » BANTEN » PANDEGLANG » PICUNG » CILILITAN
51689,1,1512636, Nasional » BANTEN » PANDEGLANG » PICUNG » KADUPANDAK
51689,2,1512637, Nasional » BANTEN » PANDEGLANG » PICUNG » KADUPANDAK
51689,3,1512638, Nasional » BANTEN » PANDEGLANG » PICUNG » KADUPANDAK
51689,4,1512639, Nasional » BANTEN » PANDEGLANG » PICUNG » KADUPANDAK
51689,5,1512640, Nasional » BANTEN » PANDEGLANG » PICUNG » KADUPANDAK
51689,6,1512641, Nasional » BANTEN » PANDEGLANG » PICUNG » KADUPANDAK
51689,7,1603587, Nasional » BANTEN » PANDEGLANG » PICUNG » KADUPANDAK
51690,1,1364177, Nasional » BANTEN » PANDEGLANG » PICUNG » KOLELET
51690,2,1364178, Nasional » BANTEN » PANDEGLANG » PICUNG » KOLELET
51690,3,1364179, Nasional » BANTEN » PANDEGLANG » PICUNG » KOLELET
51690,4,1364180, Nasional » BANTEN » PANDEGLANG » PICUNG » KOLELET
51690,5,1364181, Nasional » BANTEN » PANDEGLANG » PICUNG » KOLELET
51690,6,1364182, Nasional » BANTEN » PANDEGLANG » PICUNG » KOLELET
51690,7,1364183, Nasional » BANTEN » PANDEGLANG » PICUNG » KOLELET
51690,8,1364184, Nasional » BANTEN » PANDEGLANG » PICUNG » KOLELET
51691,1,1364144, Nasional » BANTEN » PANDEGLANG » PICUNG » CIHERANG
51691,2,1364145, Nasional » BANTEN » PANDEGLANG » PICUNG » CIHERANG
51691,3,1364146, Nasional » BANTEN » PANDEGLANG » PICUNG » CIHERANG
51691,4,1364147, Nasional » BANTEN » PANDEGLANG » PICUNG » CIHERANG
51691,5,1364148, Nasional » BANTEN » PANDEGLANG » PICUNG » CIHERANG
51691,6,1364149, Nasional » BANTEN » PANDEGLANG » PICUNG » CIHERANG
51691,7,1364150, Nasional » BANTEN » PANDEGLANG » PICUNG » CIHERANG
51691,8,1364151, Nasional » BANTEN » PANDEGLANG » PICUNG » CIHERANG
51691,9,1427465, Nasional » BANTEN » PANDEGLANG » PICUNG » CIHERANG
51692,1,1364079, Nasional » BANTEN » PANDEGLANG » PICUNG » BUNGURCOPONG
51692,2,1364080, Nasional » BANTEN » PANDEGLANG » PICUNG » BUNGURCOPONG
51692,3,1364081, Nasional » BANTEN » PANDEGLANG » PICUNG » BUNGURCOPONG
51692,4,1364082, Nasional » BANTEN » PANDEGLANG » PICUNG » BUNGURCOPONG
51692,5,1364083, Nasional » BANTEN » PANDEGLANG » PICUNG » BUNGURCOPONG
51692,6,1364084, Nasional » BANTEN » PANDEGLANG » PICUNG » BUNGURCOPONG
51693,1,1364393, Nasional » BANTEN » PANDEGLANG » PICUNG » PASIRPANJANG
51693,2,1364394, Nasional » BANTEN » PANDEGLANG » PICUNG » PASIRPANJANG
51693,3,1364395, Nasional » BANTEN » PANDEGLANG » PICUNG » PASIRPANJANG
51693,4,1364396, Nasional » BANTEN » PANDEGLANG » PICUNG » PASIRPANJANG
51693,5,1364397, Nasional » BANTEN » PANDEGLANG » PICUNG » PASIRPANJANG
51694,1,1364164, Nasional » BANTEN » PANDEGLANG » PICUNG » KADUBERA
51694,2,1364165, Nasional » BANTEN » PANDEGLANG » PICUNG » KADUBERA
51694,3,1364166, Nasional » BANTEN » PANDEGLANG » PICUNG » KADUBERA
51694,4,1364167, Nasional » BANTEN » PANDEGLANG » PICUNG » KADUBERA
51694,5,1364168, Nasional » BANTEN » PANDEGLANG » PICUNG » KADUBERA
51694,6,1364169, Nasional » BANTEN » PANDEGLANG » PICUNG » KADUBERA
51694,7,1364170, Nasional » BANTEN » PANDEGLANG » PICUNG » KADUBERA
51694,8,1364171, Nasional » BANTEN » PANDEGLANG » PICUNG » KADUBERA
51694,9,1364172, Nasional » BANTEN » PANDEGLANG » PICUNG » KADUBERA
51694,10,1364173, Nasional » BANTEN » PANDEGLANG » PICUNG » KADUBERA
51694,11,1364174, Nasional » BANTEN » PANDEGLANG » PICUNG » KADUBERA
51694,12,1364175, Nasional » BANTEN » PANDEGLANG » PICUNG » KADUBERA
51696,1,1363508, Nasional » BANTEN » PANDEGLANG » LABUAN » RANCATEUREUP
51696,2,1363509, Nasional » BANTEN » PANDEGLANG » LABUAN » RANCATEUREUP
51696,3,1363510, Nasional » BANTEN » PANDEGLANG » LABUAN » RANCATEUREUP
51696,4,1363511, Nasional » BANTEN » PANDEGLANG » LABUAN » RANCATEUREUP
51696,5,1363512, Nasional » BANTEN » PANDEGLANG » LABUAN » RANCATEUREUP
51696,6,1363513, Nasional » BANTEN » PANDEGLANG » LABUAN » RANCATEUREUP
51697,1,1461996, Nasional » BANTEN » PANDEGLANG » LABUAN » LABUAN
51697,2,1461997, Nasional » BANTEN » PANDEGLANG » LABUAN » LABUAN
51697,3,1461998, Nasional » BANTEN » PANDEGLANG » LABUAN » LABUAN
51697,4,1461999, Nasional » BANTEN » PANDEGLANG » LABUAN » LABUAN
51697,5,1462000, Nasional » BANTEN » PANDEGLANG » LABUAN » LABUAN
51697,6,1462001, Nasional » BANTEN » PANDEGLANG » LABUAN » LABUAN
51697,7,1462002, Nasional » BANTEN » PANDEGLANG » LABUAN » LABUAN
51697,8,1462003, Nasional » BANTEN » PANDEGLANG » LABUAN » LABUAN
51697,9,1462004, Nasional » BANTEN » PANDEGLANG » LABUAN » LABUAN
51697,10,1462005, Nasional » BANTEN » PANDEGLANG » LABUAN » LABUAN
51697,11,1462006, Nasional » BANTEN » PANDEGLANG » LABUAN » LABUAN
51697,12,1462007, Nasional » BANTEN » PANDEGLANG » LABUAN » LABUAN
51697,13,1462008, Nasional » BANTEN » PANDEGLANG » LABUAN » LABUAN
51697,14,1462009, Nasional » BANTEN » PANDEGLANG » LABUAN » LABUAN
51697,15,1462010, Nasional » BANTEN » PANDEGLANG » LABUAN » LABUAN
51697,16,1462011, Nasional » BANTEN » PANDEGLANG » LABUAN » LABUAN
51697,17,1462012, Nasional » BANTEN » PANDEGLANG » LABUAN » LABUAN
51697,18,1462013, Nasional » BANTEN » PANDEGLANG » LABUAN » LABUAN
51697,19,1462014, Nasional » BANTEN » PANDEGLANG » LABUAN » LABUAN
51697,20,1462015, Nasional » BANTEN » PANDEGLANG » LABUAN » LABUAN
51697,21,1462016, Nasional » BANTEN » PANDEGLANG » LABUAN » LABUAN
51697,22,1462017, Nasional » BANTEN » PANDEGLANG » LABUAN » LABUAN
51698,1,1263151, Nasional » BANTEN » PANDEGLANG » LABUAN » BANYUBIRU
51698,2,1263152, Nasional » BANTEN » PANDEGLANG » LABUAN » BANYUBIRU
51698,3,1263153, Nasional » BANTEN » PANDEGLANG » LABUAN » BANYUBIRU
51698,4,1263154, Nasional » BANTEN » PANDEGLANG » LABUAN » BANYUBIRU
51698,5,1263155, Nasional » BANTEN » PANDEGLANG » LABUAN » BANYUBIRU
51699,1,1363469, Nasional » BANTEN » PANDEGLANG » LABUAN » CARINGIN
51699,2,1363470, Nasional » BANTEN » PANDEGLANG » LABUAN » CARINGIN
51699,3,1363471, Nasional » BANTEN » PANDEGLANG » LABUAN » CARINGIN
51699,4,1363472, Nasional » BANTEN » PANDEGLANG » LABUAN » CARINGIN
51699,5,1363473, Nasional » BANTEN » PANDEGLANG » LABUAN » CARINGIN
51699,6,1363474, Nasional » BANTEN » PANDEGLANG » LABUAN » CARINGIN
51699,7,1363475, Nasional » BANTEN » PANDEGLANG » LABUAN » CARINGIN
51699,8,1363476, Nasional » BANTEN » PANDEGLANG » LABUAN » CARINGIN
51699,9,1363477, Nasional » BANTEN » PANDEGLANG » LABUAN » CARINGIN
51699,10,1394535, Nasional » BANTEN » PANDEGLANG » LABUAN » CARINGIN
51699,11,1394548, Nasional » BANTEN » PANDEGLANG » LABUAN » CARINGIN
51699,12,1394843, Nasional » BANTEN » PANDEGLANG » LABUAN » CARINGIN
51699,13,1394869, Nasional » BANTEN » PANDEGLANG » LABUAN » CARINGIN
51700,1,1463420, Nasional » BANTEN » PANDEGLANG » LABUAN » TELUK
51700,2,1463421, Nasional » BANTEN » PANDEGLANG » LABUAN » TELUK
51700,3,1463422, Nasional » BANTEN » PANDEGLANG » LABUAN » TELUK
51700,4,1463423, Nasional » BANTEN » PANDEGLANG » LABUAN » TELUK
51700,5,1463424, Nasional » BANTEN » PANDEGLANG » LABUAN » TELUK
51700,6,1463425, Nasional » BANTEN » PANDEGLANG » LABUAN » TELUK
51700,7,1463426, Nasional » BANTEN » PANDEGLANG » LABUAN » TELUK
51700,8,1463427, Nasional » BANTEN » PANDEGLANG » LABUAN » TELUK
51700,9,1463428, Nasional » BANTEN » PANDEGLANG » LABUAN » TELUK
51700,10,1463429, Nasional » BANTEN » PANDEGLANG » LABUAN » TELUK
51700,11,1463430, Nasional » BANTEN » PANDEGLANG » LABUAN » TELUK
51700,12,1463431, Nasional » BANTEN » PANDEGLANG » LABUAN » TELUK
51700,13,1463432, Nasional » BANTEN » PANDEGLANG » LABUAN » TELUK
51700,14,1463433, Nasional » BANTEN » PANDEGLANG » LABUAN » TELUK
51700,15,1463434, Nasional » BANTEN » PANDEGLANG » LABUAN » TELUK
51700,16,1463435, Nasional » BANTEN » PANDEGLANG » LABUAN » TELUK
51700,17,1463436, Nasional » BANTEN » PANDEGLANG » LABUAN » TELUK
51700,18,1463437, Nasional » BANTEN » PANDEGLANG » LABUAN » TELUK
51700,19,1463438, Nasional » BANTEN » PANDEGLANG » LABUAN » TELUK
51700,20,1463439, Nasional » BANTEN » PANDEGLANG » LABUAN » TELUK
51700,21,1463440, Nasional » BANTEN » PANDEGLANG » LABUAN » TELUK
51701,1,1363478, Nasional » BANTEN » PANDEGLANG » LABUAN » CIGONDANG
51701,2,1363479, Nasional » BANTEN » PANDEGLANG » LABUAN » CIGONDANG
51701,3,1363480, Nasional » BANTEN » PANDEGLANG » LABUAN » CIGONDANG
51701,4,1363481, Nasional » BANTEN » PANDEGLANG » LABUAN » CIGONDANG
51701,5,1363482, Nasional » BANTEN » PANDEGLANG » LABUAN » CIGONDANG
51701,6,1363483, Nasional » BANTEN » PANDEGLANG » LABUAN » CIGONDANG
51701,7,1363484, Nasional » BANTEN » PANDEGLANG » LABUAN » CIGONDANG
51701,8,1363485, Nasional » BANTEN » PANDEGLANG » LABUAN » CIGONDANG
51701,9,1363486, Nasional » BANTEN » PANDEGLANG » LABUAN » CIGONDANG
51701,10,1363487, Nasional » BANTEN » PANDEGLANG » LABUAN » CIGONDANG
51701,11,1363488, Nasional » BANTEN » PANDEGLANG » LABUAN » CIGONDANG
51701,12,1363489, Nasional » BANTEN » PANDEGLANG » LABUAN » CIGONDANG
51701,13,1363490, Nasional » BANTEN » PANDEGLANG » LABUAN » CIGONDANG
51701,14,1363491, Nasional » BANTEN » PANDEGLANG » LABUAN » CIGONDANG
51701,15,1363492, Nasional » BANTEN » PANDEGLANG » LABUAN » CIGONDANG
51701,16,1363493, Nasional » BANTEN » PANDEGLANG » LABUAN » CIGONDANG
51701,17,1363494, Nasional » BANTEN » PANDEGLANG » LABUAN » CIGONDANG
51702,1,1363495, Nasional » BANTEN » PANDEGLANG » LABUAN » KALANGANYAR
51702,2,1363496, Nasional » BANTEN » PANDEGLANG » LABUAN » KALANGANYAR
51702,3,1363497, Nasional » BANTEN » PANDEGLANG » LABUAN » KALANGANYAR
51702,4,1363498, Nasional » BANTEN » PANDEGLANG » LABUAN » KALANGANYAR
51702,5,1363499, Nasional » BANTEN » PANDEGLANG » LABUAN » KALANGANYAR
51702,6,1363500, Nasional » BANTEN » PANDEGLANG » LABUAN » KALANGANYAR
51702,7,1363501, Nasional » BANTEN » PANDEGLANG » LABUAN » KALANGANYAR
51702,8,1363502, Nasional » BANTEN » PANDEGLANG » LABUAN » KALANGANYAR
51702,9,1363503, Nasional » BANTEN » PANDEGLANG » LABUAN » KALANGANYAR
51702,10,1363504, Nasional » BANTEN » PANDEGLANG » LABUAN » KALANGANYAR
51702,11,1363505, Nasional » BANTEN » PANDEGLANG » LABUAN » KALANGANYAR
51702,12,1363506, Nasional » BANTEN » PANDEGLANG » LABUAN » KALANGANYAR
51702,13,1363507, Nasional » BANTEN » PANDEGLANG » LABUAN » KALANGANYAR
51703,1,1363517, Nasional » BANTEN » PANDEGLANG » LABUAN » SUKAMAJU
51703,2,1363518, Nasional » BANTEN » PANDEGLANG » LABUAN » SUKAMAJU
51703,3,1363519, Nasional » BANTEN » PANDEGLANG » LABUAN » SUKAMAJU
51703,4,1363520, Nasional » BANTEN » PANDEGLANG » LABUAN » SUKAMAJU
51703,5,1363521, Nasional » BANTEN » PANDEGLANG » LABUAN » SUKAMAJU
51703,6,1363522, Nasional » BANTEN » PANDEGLANG » LABUAN » SUKAMAJU
51703,7,1363523, Nasional » BANTEN » PANDEGLANG » LABUAN » SUKAMAJU
51704,1,1463516, Nasional » BANTEN » PANDEGLANG » LABUAN » BANYUMEKAR
51704,2,1463517, Nasional » BANTEN » PANDEGLANG » LABUAN » BANYUMEKAR
51704,3,1463518, Nasional » BANTEN » PANDEGLANG » LABUAN » BANYUMEKAR
51704,4,1463519, Nasional » BANTEN » PANDEGLANG » LABUAN » BANYUMEKAR
51706,1,1790287, Nasional » BANTEN » PANDEGLANG » MENES » ALASWANGI
51706,2,1790281, Nasional » BANTEN » PANDEGLANG » MENES » ALASWANGI
51706,3,1790288, Nasional » BANTEN » PANDEGLANG » MENES » ALASWANGI
51706,4,1790286, Nasional » BANTEN » PANDEGLANG » MENES » ALASWANGI
51706,5,1790289, Nasional » BANTEN » PANDEGLANG » MENES » ALASWANGI
51706,6,1790290, Nasional » BANTEN » PANDEGLANG » MENES » ALASWANGI
51707,1,1775870, Nasional » BANTEN » PANDEGLANG » MENES » TEGALWANGI
51707,2,1775871, Nasional » BANTEN » PANDEGLANG » MENES » TEGALWANGI
51707,3,1775872, Nasional » BANTEN » PANDEGLANG » MENES » TEGALWANGI
51707,4,1776657, Nasional » BANTEN » PANDEGLANG » MENES » TEGALWANGI
51707,5,1776658, Nasional » BANTEN » PANDEGLANG » MENES » TEGALWANGI
51707,6,1776659, Nasional » BANTEN » PANDEGLANG » MENES » TEGALWANGI
51708,1,1775840, Nasional » BANTEN » PANDEGLANG » MENES » KANANGA
51708,2,1775841, Nasional » BANTEN » PANDEGLANG » MENES » KANANGA
51708,3,1775842, Nasional » BANTEN » PANDEGLANG » MENES » KANANGA
51708,4,1776684, Nasional » BANTEN » PANDEGLANG » MENES » KANANGA
51709,1,1775828, Nasional » BANTEN » PANDEGLANG » MENES » CIGANDENG
51709,2,1775829, Nasional » BANTEN » PANDEGLANG » MENES » CIGANDENG
51709,3,1775830, Nasional » BANTEN » PANDEGLANG » MENES » CIGANDENG
51709,4,1776675, Nasional » BANTEN » PANDEGLANG » MENES » CIGANDENG
51709,5,1776676, Nasional » BANTEN » PANDEGLANG » MENES » CIGANDENG
51710,1,1775843, Nasional » BANTEN » PANDEGLANG » MENES » MENES
51710,2,1775844, Nasional » BANTEN » PANDEGLANG » MENES » MENES
51710,3,1775845, Nasional » BANTEN » PANDEGLANG » MENES » MENES
51710,4,1775846, Nasional » BANTEN » PANDEGLANG » MENES » MENES
51710,5,1775847, Nasional » BANTEN » PANDEGLANG » MENES » MENES
51710,6,1775848, Nasional » BANTEN » PANDEGLANG » MENES » MENES
51710,7,1775849, Nasional » BANTEN » PANDEGLANG » MENES » MENES
51710,8,1776685, Nasional » BANTEN » PANDEGLANG » MENES » MENES
51710,9,1776686, Nasional » BANTEN » PANDEGLANG » MENES » MENES
51710,10,1776687, Nasional » BANTEN » PANDEGLANG » MENES » MENES
51710,11,1776688, Nasional » BANTEN » PANDEGLANG » MENES » MENES
51710,12,1776689, Nasional » BANTEN » PANDEGLANG » MENES » MENES
51711,1,1775850, Nasional » BANTEN » PANDEGLANG » MENES » MURUY
51711,2,1775851, Nasional » BANTEN » PANDEGLANG » MENES » MURUY
51711,3,1775852, Nasional » BANTEN » PANDEGLANG » MENES » MURUY
51711,4,1776691, Nasional » BANTEN » PANDEGLANG » MENES » MURUY
51711,5,1776692, Nasional » BANTEN » PANDEGLANG » MENES » MURUY
51712,1,1775866, Nasional » BANTEN » PANDEGLANG » MENES » SUKAMANAH
51712,2,1775867, Nasional » BANTEN » PANDEGLANG » MENES » SUKAMANAH
51712,3,1775868, Nasional » BANTEN » PANDEGLANG » MENES » SUKAMANAH
51712,4,1775869, Nasional » BANTEN » PANDEGLANG » MENES » SUKAMANAH
51712,5,1776711, Nasional » BANTEN » PANDEGLANG » MENES » SUKAMANAH
51712,6,1776712, Nasional » BANTEN » PANDEGLANG » MENES » SUKAMANAH
51712,7,1776713, Nasional » BANTEN » PANDEGLANG » MENES » SUKAMANAH
51713,1,1775853, Nasional » BANTEN » PANDEGLANG » MENES » PURWARAJA
51713,2,1775854, Nasional » BANTEN » PANDEGLANG » MENES » PURWARAJA
51713,3,1775855, Nasional » BANTEN » PANDEGLANG » MENES » PURWARAJA
51713,4,1775856, Nasional » BANTEN » PANDEGLANG » MENES » PURWARAJA
51713,5,1775857, Nasional » BANTEN » PANDEGLANG » MENES » PURWARAJA
51713,6,1775858, Nasional » BANTEN » PANDEGLANG » MENES » PURWARAJA
51713,7,1775859, Nasional » BANTEN » PANDEGLANG » MENES » PURWARAJA
51713,8,1775860, Nasional » BANTEN » PANDEGLANG » MENES » PURWARAJA
51713,9,1776697, Nasional » BANTEN » PANDEGLANG » MENES » PURWARAJA
51713,10,1776698, Nasional » BANTEN » PANDEGLANG » MENES » PURWARAJA
51713,11,1776699, Nasional » BANTEN » PANDEGLANG » MENES » PURWARAJA
51713,12,1776700, Nasional » BANTEN » PANDEGLANG » MENES » PURWARAJA
51713,13,1776701, Nasional » BANTEN » PANDEGLANG » MENES » PURWARAJA
51714,1,1775863, Nasional » BANTEN » PANDEGLANG » MENES » SINDANGKARYA
51714,2,1775864, Nasional » BANTEN » PANDEGLANG » MENES » SINDANGKARYA
51714,3,1775865, Nasional » BANTEN » PANDEGLANG » MENES » SINDANGKARYA
51714,4,1776708, Nasional » BANTEN » PANDEGLANG » MENES » SINDANGKARYA
51714,5,1776709, Nasional » BANTEN » PANDEGLANG » MENES » SINDANGKARYA
51714,6,1776710, Nasional » BANTEN » PANDEGLANG » MENES » SINDANGKARYA
51715,1,1775831, Nasional » BANTEN » PANDEGLANG » MENES » CILABANBULAN
51715,2,1775832, Nasional » BANTEN » PANDEGLANG » MENES » CILABANBULAN
51715,3,1775833, Nasional » BANTEN » PANDEGLANG » MENES » CILABANBULAN
51715,4,1776677, Nasional » BANTEN » PANDEGLANG » MENES » CILABANBULAN
51716,1,1775834, Nasional » BANTEN » PANDEGLANG » MENES » KADUPAYUNG
51716,2,1775835, Nasional » BANTEN » PANDEGLANG » MENES » KADUPAYUNG
51716,3,1776678, Nasional » BANTEN » PANDEGLANG » MENES » KADUPAYUNG
51718,1,1363340, Nasional » BANTEN » PANDEGLANG » SAKETI » LANGENSARI
51718,2,1363341, Nasional » BANTEN » PANDEGLANG » SAKETI » LANGENSARI
51718,3,1363342, Nasional » BANTEN » PANDEGLANG » SAKETI » LANGENSARI
51718,4,1363343, Nasional » BANTEN » PANDEGLANG » SAKETI » LANGENSARI
51718,5,1363344, Nasional » BANTEN » PANDEGLANG » SAKETI » LANGENSARI
